aspect_dimension,slice_type,slice_value,n_reviews,system_rows,gold_rows,tp,fp,fn,unclear,duplicate,out_of_scope,gold_unclear,manual_precision_strict,manual_precision_soft,manual_recall,manual_f1_strict,manual_f1_soft,notes,n_pairs,manual_sentiment_mae,manual_sentiment_mae_round,manual_accuracy_at_0_5,manual_accuracy_at_1_0,manual_accuracy_at_1_5,manual_direction_accuracy,manual_macro_direction_f1,manual_wrong_polarity_rate,manual_strong_wrong_polarity_rate,manual_mean_signed_error,manual_rmse
gold_aspect,gold_aspect,Аквапарк,20,20,67,20,0,45,0,0,0,2,,,0.3076923076923077,,,FP/UNCLEAR are not attributable to gold_aspect; precision/F1 undefined.,20,0.9799414822991821,1.0,0.25,0.55,0.75,0.6,0.4230769230769231,0.1,0.0,-0.7040862451787688,1.1726903427973359
gold_aspect,gold_aspect,Аккаунты,1,1,1,1,0,0,0,0,0,0,,,1.0,,,FP/UNCLEAR are not attributable to gold_aspect; precision/F1 undefined.,1,0.0014994892044342123,0.0,1.0,1.0,1.0,1.0,0.3333333333333333,0.0,0.0,0.0014994892044342123,0.0014994892044342123
gold_aspect,gold_aspect,Аккумулятор,2,2,5,2,0,3,0,0,0,0,,,0.4,,,FP/UNCLEAR are not attributable to gold_aspect; precision/F1 undefined.,2,0.3224693723022938,0.0,1.0,1.0,1.0,1.0,0.6666666666666666,0.0,0.0,0.06851880252361298,0.3296685037614379
gold_aspect,gold_aspect,Алгоритмы,0,0,1,0,0,1,0,0,0,0,,,0.0,,,FP/UNCLEAR are not attributable to gold_aspect; precision/F1 undefined.,0,,,,,,,,,,,
gold_aspect,gold_aspect,Архитектура,1,1,1,1,0,0,0,0,0,0,,,1.0,,,FP/UNCLEAR are not attributable to gold_aspect; precision/F1 undefined.,1,0.06149033468682319,0.0,1.0,1.0,1.0,1.0,0.3333333333333333,0.0,0.0,-0.06149033468682319,0.06149033468682319
gold_aspect,gold_aspect,Ассортимент,4,4,8,4,0,4,0,0,0,0,,,0.5,,,FP/UNCLEAR are not attributable to gold_aspect; precision/F1 undefined.,4,0.7064482696387131,0.75,0.5,0.75,0.75,1.0,0.3333333333333333,0.0,0.0,-0.7064482696387131,0.9153781669788043
gold_aspect,gold_aspect,Атмосфера,22,22,38,22,0,15,0,0,0,1,,,0.5945945945945946,,,FP/UNCLEAR are not attributable to gold_aspect; precision/F1 undefined.,22,0.8417428376618442,0.7727272727272727,0.45454545454545453,0.5909090909090909,0.7727272727272727,0.7727272727272727,0.5416666666666666,0.045454545454545456,0.0,-0.5690570235818252,1.1401309438484852
gold_aspect,gold_aspect,Аудитория,1,1,1,1,0,0,0,0,0,0,,,1.0,,,FP/UNCLEAR are not attributable to gold_aspect; precision/F1 undefined.,1,1.6434733420610428,2.0,0.0,0.0,0.0,1.0,0.3333333333333333,0.0,0.0,-1.6434733420610428,1.6434733420610428
gold_aspect,gold_aspect,Багаж,5,5,5,5,0,0,0,0,0,0,,,1.0,,,FP/UNCLEAR are not attributable to gold_aspect; precision/F1 undefined.,5,1.4770787622619537,1.6,0.4,0.4,0.4,0.4,0.2222222222222222,0.4,0.0,-1.4354021940540407,1.9086164827886303
gold_aspect,gold_aspect,Баня,4,4,44,4,0,39,0,0,0,1,,,0.09302325581395349,,,FP/UNCLEAR are not attributable to gold_aspect; precision/F1 undefined.,4,1.6814752906211652,1.5,0.25,0.25,0.5,0.25,0.13333333333333333,0.75,0.25,-0.998928434739355,1.9697281179895798
gold_aspect,gold_aspect,Бар,0,0,3,0,0,3,0,0,0,0,,,0.0,,,FP/UNCLEAR are not attributable to gold_aspect; precision/F1 undefined.,0,,,,,,,,,,,
gold_aspect,gold_aspect,Бассейн,39,39,47,39,0,8,0,0,0,0,,,0.8297872340425532,,,FP/UNCLEAR are not attributable to gold_aspect; precision/F1 undefined.,39,0.8896038091631616,0.8717948717948718,0.46153846153846156,0.7435897435897436,0.8461538461538461,0.8717948717948718,0.5299145299145299,0.10256410256410256,0.10256410256410256,-0.4071929631791136,1.3770605775463909
gold_aspect,gold_aspect,Батарея,2,2,4,2,0,2,0,0,0,0,,,0.5,,,FP/UNCLEAR are not attributable to gold_aspect; precision/F1 undefined.,2,1.3914771638810635,1.0,0.0,0.0,1.0,0.0,0.0,0.0,0.0,1.3914771638810635,1.3947520054678058
gold_aspect,gold_aspect,Безопасность,39,39,72,39,0,33,0,0,0,0,,,0.5416666666666666,,,FP/UNCLEAR are not attributable to gold_aspect; precision/F1 undefined.,39,1.4983571783944707,1.4102564102564104,0.2564102564102564,0.48717948717948717,0.6410256410256411,0.6410256410256411,0.41295306001188353,0.23076923076923078,0.1794871794871795,-1.271304038352145,1.9204121851965306
gold_aspect,gold_aspect,Белье,2,2,6,2,0,4,0,0,0,0,,,0.3333333333333333,,,FP/UNCLEAR are not attributable to gold_aspect; precision/F1 undefined.,2,1.7120294654741883,1.5,0.0,0.0,0.5,0.5,0.2222222222222222,0.0,0.0,-1.7120294654741883,1.7321147262222742
gold_aspect,gold_aspect,Блесна,5,5,8,5,0,3,0,0,0,0,,,0.625,,,FP/UNCLEAR are not attributable to gold_aspect; precision/F1 undefined.,5,1.599054781347513,1.4,0.6,0.6,0.6,0.6,0.25,0.4,0.4,0.06215332038700581,2.2507509663567458
gold_aspect,gold_aspect,Браслет,0,0,3,0,0,2,0,0,0,1,,,0.0,,,FP/UNCLEAR are not attributable to gold_aspect; precision/F1 undefined.,0,,,,,,,,,,,
gold_aspect,gold_aspect,Бронирование,2,2,3,2,0,1,0,0,0,0,,,0.6666666666666666,,,FP/UNCLEAR are not attributable to gold_aspect; precision/F1 undefined.,2,1.6604414056055248,1.5,0.0,0.0,0.5,0.5,0.2222222222222222,0.5,0.0,1.6604414056055248,1.678091158904188
gold_aspect,gold_aspect,Буфет,1,1,1,1,0,0,0,0,0,0,,,1.0,,,FP/UNCLEAR are not attributable to gold_aspect; precision/F1 undefined.,1,0.08521639456739649,0.0,1.0,1.0,1.0,1.0,0.3333333333333333,0.0,0.0,-0.08521639456739649,0.08521639456739649
gold_aspect,gold_aspect,Ватрушки,0,0,2,0,0,2,0,0,0,0,,,0.0,,,FP/UNCLEAR are not attributable to gold_aspect; precision/F1 undefined.,0,,,,,,,,,,,
gold_aspect,gold_aspect,Вентиляция,3,3,6,3,0,3,0,0,0,0,,,0.5,,,FP/UNCLEAR are not attributable to gold_aspect; precision/F1 undefined.,3,0.3130938868731998,0.3333333333333333,0.6666666666666666,1.0,1.0,1.0,0.3333333333333333,0.0,0.0,0.3130938868731998,0.5359222090791449
gold_aspect,gold_aspect,Верификация,1,1,7,1,0,5,0,0,0,1,,,0.16666666666666666,,,FP/UNCLEAR are not attributable to gold_aspect; precision/F1 undefined.,1,0.023906220216304064,0.0,1.0,1.0,1.0,1.0,0.3333333333333333,0.0,0.0,0.023906220216304064,0.023906220216304064
gold_aspect,gold_aspect,Вес,8,8,17,8,0,9,0,0,0,0,,,0.47058823529411764,,,FP/UNCLEAR are not attributable to gold_aspect; precision/F1 undefined.,8,0.9069242201903762,0.875,0.375,0.5,0.75,0.75,0.5,0.0,0.0,-0.48367137260083837,1.166221144796402
gold_aspect,gold_aspect,Вид,24,24,39,24,0,15,0,0,0,0,,,0.6153846153846154,,,FP/UNCLEAR are not attributable to gold_aspect; precision/F1 undefined.,24,1.510322841632539,1.5416666666666667,0.125,0.3333333333333333,0.5,0.5833333333333334,0.24561403508771928,0.16666666666666666,0.08333333333333333,-1.510322841632539,1.786962644054686
gold_aspect,gold_aspect,Вместимость,5,5,11,5,0,6,0,0,0,0,,,0.45454545454545453,,,FP/UNCLEAR are not attributable to gold_aspect; precision/F1 undefined.,5,0.4562030785949901,0.6,0.4,1.0,1.0,0.8,0.29629629629629634,0.0,0.0,0.08185142490547151,0.5342596836410486
gold_aspect,gold_aspect,Вместительность,7,7,19,7,0,12,0,0,0,0,,,0.3684210526315789,,,FP/UNCLEAR are not attributable to gold_aspect; precision/F1 undefined.,7,0.508040673531858,0.42857142857142855,0.7142857142857143,0.8571428571428571,0.8571428571428571,0.7142857142857143,0.46296296296296297,0.14285714285714285,0.0,0.13706702477065846,0.7478246918477228
gold_aspect,gold_aspect,Внешний вид,133,133,198,133,0,64,0,0,0,0,,,0.6751269035532995,,,FP/UNCLEAR are not attributable to gold_aspect; precision/F1 undefined.,133,0.8237638753770236,0.7819548872180451,0.49624060150375937,0.7368421052631579,0.8345864661654135,0.8270676691729323,0.4791338423625419,0.12781954887218044,0.07518796992481203,-0.6958520955873213,1.2124244926054055
gold_aspect,gold_aspect,Вода,2,2,7,2,0,5,0,0,0,0,,,0.2857142857142857,,,FP/UNCLEAR are not attributable to gold_aspect; precision/F1 undefined.,2,1.552369165699929,1.5,0.0,0.0,0.5,0.5,0.2222222222222222,0.0,0.0,-1.552369165699929,1.5915359020671402
gold_aspect,gold_aspect,Возврат,3,3,3,3,0,0,0,0,0,0,,,1.0,,,FP/UNCLEAR are not attributable to gold_aspect; precision/F1 undefined.,3,1.7276237395320397,2.0,0.3333333333333333,0.3333333333333333,0.3333333333333333,0.6666666666666666,0.26666666666666666,0.3333333333333333,0.3333333333333333,-0.6115206045991121,2.230917775582587
gold_aspect,gold_aspect,Воздух,0,0,2,0,0,2,0,0,0,0,,,0.0,,,FP/UNCLEAR are not attributable to gold_aspect; precision/F1 undefined.,0,,,,,,,,,,,
gold_aspect,gold_aspect,Волны,0,0,1,0,0,1,0,0,0,0,,,0.0,,,FP/UNCLEAR are not attributable to gold_aspect; precision/F1 undefined.,0,,,,,,,,,,,
gold_aspect,gold_aspect,Впечатление,26,26,43,26,0,17,0,0,0,0,,,0.6046511627906976,,,FP/UNCLEAR are not attributable to gold_aspect; precision/F1 undefined.,26,1.198655659979872,1.0769230769230769,0.19230769230769232,0.38461538461538464,0.7307692307692307,0.7692307692307693,0.2898550724637681,0.15384615384615385,0.0,-0.9982797744921229,1.403250512525219
gold_aspect,gold_aspect,Вход,0,0,1,0,0,1,0,0,0,0,,,0.0,,,FP/UNCLEAR are not attributable to gold_aspect; precision/F1 undefined.,0,,,,,,,,,,,
gold_aspect,gold_aspect,Выбор,3,3,3,3,0,0,0,0,0,0,,,1.0,,,FP/UNCLEAR are not attributable to gold_aspect; precision/F1 undefined.,3,0.7026903881099619,0.6666666666666666,0.6666666666666666,0.6666666666666666,0.6666666666666666,0.6666666666666666,0.26666666666666666,0.0,0.0,-0.7026903881099619,1.116362729225598
gold_aspect,gold_aspect,Вывод,0,0,2,0,0,2,0,0,0,0,,,0.0,,,FP/UNCLEAR are not attributable to gold_aspect; precision/F1 undefined.,0,,,,,,,,,,,
gold_aspect,gold_aspect,Гардероб,0,0,1,0,0,1,0,0,0,0,,,0.0,,,FP/UNCLEAR are not attributable to gold_aspect; precision/F1 undefined.,0,,,,,,,,,,,
gold_aspect,gold_aspect,Гибкость,1,1,1,1,0,0,0,0,0,0,,,1.0,,,FP/UNCLEAR are not attributable to gold_aspect; precision/F1 undefined.,1,3.4315711930394173,3.0,0.0,0.0,0.0,0.0,0.0,1.0,1.0,-3.4315711930394173,3.4315711930394173
gold_aspect,gold_aspect,Горки,11,11,66,11,0,51,0,0,0,4,,,0.1774193548387097,,,FP/UNCLEAR are not attributable to gold_aspect; precision/F1 undefined.,11,1.10808205247899,1.0,0.36363636363636365,0.45454545454545453,0.7272727272727273,0.45454545454545453,0.43333333333333335,0.2727272727272727,0.0,-0.8861556221752174,1.3387314572029096
gold_aspect,gold_aspect,Джакузи,1,1,11,1,0,9,0,0,0,0,,,0.1,,,FP/UNCLEAR are not attributable to gold_aspect; precision/F1 undefined.,1,0.09200638948823325,0.0,1.0,1.0,1.0,1.0,0.3333333333333333,0.0,0.0,-0.09200638948823325,0.09200638948823325
gold_aspect,gold_aspect,Дизайн,4,4,7,4,0,3,0,0,0,0,,,0.5714285714285714,,,FP/UNCLEAR are not attributable to gold_aspect; precision/F1 undefined.,4,1.0322748473299725,1.0,0.5,0.5,0.75,0.75,0.48888888888888893,0.25,0.25,-1.0306705671064265,1.6185874224227346
gold_aspect,gold_aspect,Досмотр,0,0,1,0,0,1,0,0,0,0,,,0.0,,,FP/UNCLEAR are not attributable to gold_aspect; precision/F1 undefined.,0,,,,,,,,,,,
gold_aspect,gold_aspect,Доставка,32,32,43,32,0,11,0,0,0,0,,,0.7441860465116279,,,FP/UNCLEAR are not attributable to gold_aspect; precision/F1 undefined.,32,1.1788865045831471,1.1875,0.375,0.53125,0.65625,0.75,0.49621212121212127,0.125,0.09375,-0.6141218423996406,1.5853842306568204
gold_aspect,gold_aspect,Доступность,0,0,1,0,0,1,0,0,0,0,,,0.0,,,FP/UNCLEAR are not attributable to gold_aspect; precision/F1 undefined.,0,,,,,,,,,,,
gold_aspect,gold_aspect,Душевая,2,2,6,2,0,4,0,0,0,0,,,0.3333333333333333,,,FP/UNCLEAR are not attributable to gold_aspect; precision/F1 undefined.,2,1.8897553534479812,2.0,0.0,0.0,0.5,0.0,0.0,0.5,0.5,1.8897553534479812,2.0370691405735792
gold_aspect,gold_aspect,Еда,60,60,109,60,0,49,0,0,0,0,,,0.5504587155963303,,,FP/UNCLEAR are not attributable to gold_aspect; precision/F1 undefined.,60,0.8827858362454815,0.8666666666666667,0.38333333333333336,0.6833333333333333,0.8,0.6666666666666666,0.49204665959703076,0.08333333333333333,0.03333333333333333,-0.03295117963874266,1.1895938238274046
gold_aspect,gold_aspect,Жилеты,0,0,2,0,0,2,0,0,0,0,,,0.0,,,FP/UNCLEAR are not attributable to gold_aspect; precision/F1 undefined.,0,,,,,,,,,,,
gold_aspect,gold_aspect,Загруженность,0,0,3,0,0,3,0,0,0,0,,,0.0,,,FP/UNCLEAR are not attributable to gold_aspect; precision/F1 undefined.,0,,,,,,,,,,,
gold_aspect,gold_aspect,Зажигалка,25,25,27,25,0,2,0,0,0,0,,,0.9259259259259259,,,FP/UNCLEAR are not attributable to gold_aspect; precision/F1 undefined.,25,0.7397515237689367,0.68,0.56,0.8,0.84,0.8,0.29629629629629634,0.16,0.08,-0.4308613731790683,1.144640435177028
gold_aspect,gold_aspect,Запах,33,33,39,33,0,6,0,0,0,0,,,0.8461538461538461,,,FP/UNCLEAR are not attributable to gold_aspect; precision/F1 undefined.,33,0.5757794084509608,0.5151515151515151,0.696969696969697,0.8484848484848485,0.8787878787878788,0.8181818181818182,0.43636363636363634,0.15151515151515152,0.09090909090909091,-0.3848237288972693,1.1355985448413632
gold_aspect,gold_aspect,Зарядка,0,0,1,0,0,1,0,0,0,0,,,0.0,,,FP/UNCLEAR are not attributable to gold_aspect; precision/F1 undefined.,0,,,,,,,,,,,
gold_aspect,gold_aspect,Заселение,12,12,17,12,0,5,0,0,0,0,,,0.7058823529411765,,,FP/UNCLEAR are not attributable to gold_aspect; precision/F1 undefined.,12,1.2089625679169937,1.1666666666666667,0.4166666666666667,0.5833333333333334,0.5833333333333334,0.5833333333333334,0.3888888888888889,0.3333333333333333,0.16666666666666666,0.6431714076801048,1.6215044485844123
gold_aspect,gold_aspect,Здоровье,13,13,23,13,0,9,0,0,0,1,,,0.5909090909090909,,,FP/UNCLEAR are not attributable to gold_aspect; precision/F1 undefined.,13,0.4718675777101173,0.5384615384615384,0.46153846153846156,0.9230769230769231,1.0,0.9230769230769231,0.6521739130434783,0.0,0.0,-0.4122394446928341,0.5702137435627818
gold_aspect,gold_aspect,Зона,1,1,3,1,0,1,0,0,0,1,,,0.5,,,FP/UNCLEAR are not attributable to gold_aspect; precision/F1 undefined.,1,1.945906974375248,2.0,0.0,0.0,0.0,0.0,0.0,0.0,0.0,-1.945906974375248,1.945906974375248
gold_aspect,gold_aspect,Зонирование,0,0,1,0,0,1,0,0,0,0,,,0.0,,,FP/UNCLEAR are not attributable to gold_aspect; precision/F1 undefined.,0,,,,,,,,,,,
gold_aspect,gold_aspect,Инструкторы,0,0,1,0,0,1,0,0,0,0,,,0.0,,,FP/UNCLEAR are not attributable to gold_aspect; precision/F1 undefined.,0,,,,,,,,,,,
gold_aspect,gold_aspect,Инструкция,22,22,39,22,0,17,0,0,0,0,,,0.5641025641025641,,,FP/UNCLEAR are not attributable to gold_aspect; precision/F1 undefined.,22,0.7609851869194906,0.7272727272727273,0.4090909090909091,0.7272727272727273,0.8636363636363636,0.9090909090909091,0.31746031746031744,0.045454545454545456,0.0,-0.5553137948769621,1.0021511009102473
gold_aspect,gold_aspect,Интернет,1,1,1,1,0,0,0,0,0,0,,,1.0,,,FP/UNCLEAR are not attributable to gold_aspect; precision/F1 undefined.,1,0.2991145011037588,0.0,1.0,1.0,1.0,1.0,0.3333333333333333,0.0,0.0,0.2991145011037588,0.2991145011037588
gold_aspect,gold_aspect,Интерфейс,1,1,1,1,0,0,0,0,0,0,,,1.0,,,FP/UNCLEAR are not attributable to gold_aspect; precision/F1 undefined.,1,0.026349117208155803,0.0,1.0,1.0,1.0,1.0,0.3333333333333333,0.0,0.0,-0.026349117208155803,0.026349117208155803
gold_aspect,gold_aspect,Интерьер,19,19,47,19,0,28,0,0,0,0,,,0.40425531914893614,,,FP/UNCLEAR are not attributable to gold_aspect; precision/F1 undefined.,19,1.3838334122939207,1.368421052631579,0.21052631578947367,0.3684210526315789,0.5789473684210527,0.3684210526315789,0.3063973063973064,0.15789473684210525,0.10526315789473684,0.15066600435928099,1.6733168476509193
gold_aspect,gold_aspect,Информирование,1,1,1,1,0,0,0,0,0,0,,,1.0,,,FP/UNCLEAR are not attributable to gold_aspect; precision/F1 undefined.,1,0.870118448510766,1.0,0.0,1.0,1.0,0.0,0.0,0.0,0.0,0.870118448510766,0.870118448510766
gold_aspect,gold_aspect,Инфраструктура,8,8,21,8,0,13,0,0,0,0,,,0.38095238095238093,,,FP/UNCLEAR are not attributable to gold_aspect; precision/F1 undefined.,8,0.7811954357293871,0.875,0.125,0.875,1.0,0.875,0.6190476190476191,0.0,0.0,-0.2639526943112287,0.8379418504581287
gold_aspect,gold_aspect,Использование,16,16,22,16,0,6,0,0,0,0,,,0.7272727272727273,,,FP/UNCLEAR are not attributable to gold_aspect; precision/F1 undefined.,16,0.8141875593155419,0.75,0.6875,0.6875,0.75,0.75,0.2857142857142857,0.1875,0.0625,-0.8141875593155419,1.367067522887306
gold_aspect,gold_aspect,Категории,0,0,1,0,0,1,0,0,0,0,,,0.0,,,FP/UNCLEAR are not attributable to gold_aspect; precision/F1 undefined.,0,,,,,,,,,,,
gold_aspect,gold_aspect,Катушка,38,38,48,38,0,10,0,0,0,0,,,0.7916666666666666,,,FP/UNCLEAR are not attributable to gold_aspect; precision/F1 undefined.,38,0.8346283692693472,0.7631578947368421,0.5263157894736842,0.6578947368421053,0.7631578947368421,0.7631578947368421,0.44323011536126294,0.07894736842105263,0.05263157894736842,0.5240774548782563,1.1838011680213827
gold_aspect,gold_aspect,Кафе,0,0,12,0,0,8,0,0,0,3,,,0.0,,,FP/UNCLEAR are not attributable to gold_aspect; precision/F1 undefined.,0,,,,,,,,,,,
gold_aspect,gold_aspect,Качество,505,505,607,505,0,102,0,0,0,0,,,0.8319604612850082,,,FP/UNCLEAR are not attributable to gold_aspect; precision/F1 undefined.,505,0.852194355673678,0.8158415841584158,0.48514851485148514,0.693069306930693,0.7881188118811882,0.7564356435643564,0.5900682991837414,0.09504950495049505,0.05742574257425743,-0.2948385846245464,1.2444666373063606
gold_aspect,gold_aspect,Ключи,0,0,1,0,0,1,0,0,0,0,,,0.0,,,FP/UNCLEAR are not attributable to gold_aspect; precision/F1 undefined.,0,,,,,,,,,,,
gold_aspect,gold_aspect,Количество,1,1,1,1,0,0,0,0,0,0,,,1.0,,,FP/UNCLEAR are not attributable to gold_aspect; precision/F1 undefined.,1,1.911975332070142,2.0,0.0,0.0,0.0,0.0,0.0,0.0,0.0,-1.911975332070142,1.911975332070142
gold_aspect,gold_aspect,Комиссия,4,4,4,4,0,0,0,0,0,0,,,1.0,,,FP/UNCLEAR are not attributable to gold_aspect; precision/F1 undefined.,4,1.351148912217468,1.0,0.25,0.25,0.75,0.25,0.13333333333333333,0.75,0.25,1.351148912217468,1.5529364577103444
gold_aspect,gold_aspect,Компактность,0,0,1,0,0,1,0,0,0,0,,,0.0,,,FP/UNCLEAR are not attributable to gold_aspect; precision/F1 undefined.,0,,,,,,,,,,,
gold_aspect,gold_aspect,Компания,1,1,1,1,0,0,0,0,0,0,,,1.0,,,FP/UNCLEAR are not attributable to gold_aspect; precision/F1 undefined.,1,0.4660726216097828,0.0,1.0,1.0,1.0,1.0,0.3333333333333333,0.0,0.0,-0.4660726216097828,0.4660726216097828
gold_aspect,gold_aspect,Компенсация,1,1,3,1,0,2,0,0,0,0,,,0.3333333333333333,,,FP/UNCLEAR are not attributable to gold_aspect; precision/F1 undefined.,1,1.7098005401203409,2.0,0.0,0.0,0.0,1.0,0.3333333333333333,0.0,0.0,1.7098005401203409,1.7098005401203409
gold_aspect,gold_aspect,Комплектация,37,37,53,37,0,16,0,0,0,0,,,0.6981132075471698,,,FP/UNCLEAR are not attributable to gold_aspect; precision/F1 undefined.,37,1.3667600965379059,1.3783783783783783,0.2972972972972973,0.5405405405405406,0.6216216216216216,0.6216216216216216,0.5786500786500787,0.24324324324324326,0.1891891891891892,-0.598628697677742,1.8797666701040447
gold_aspect,gold_aspect,Комфорт,19,19,43,19,0,24,0,0,0,0,,,0.4418604651162791,,,FP/UNCLEAR are not attributable to gold_aspect; precision/F1 undefined.,19,1.0434236692427046,1.0526315789473684,0.3684210526315789,0.5263157894736842,0.631578947368421,0.5789473684210527,0.4444444444444444,0.15789473684210525,0.0,-0.2645067931566461,1.3498674074527093
gold_aspect,gold_aspect,Контингент,0,0,2,0,0,2,0,0,0,0,,,0.0,,,FP/UNCLEAR are not attributable to gold_aspect; precision/F1 undefined.,0,,,,,,,,,,,
gold_aspect,gold_aspect,Конфиденциальность,0,0,2,0,0,2,0,0,0,0,,,0.0,,,FP/UNCLEAR are not attributable to gold_aspect; precision/F1 undefined.,0,,,,,,,,,,,
gold_aspect,gold_aspect,Корзина,0,0,1,0,0,1,0,0,0,0,,,0.0,,,FP/UNCLEAR are not attributable to gold_aspect; precision/F1 undefined.,0,,,,,,,,,,,
gold_aspect,gold_aspect,Корпус,0,0,1,0,0,1,0,0,0,0,,,0.0,,,FP/UNCLEAR are not attributable to gold_aspect; precision/F1 undefined.,0,,,,,,,,,,,
gold_aspect,gold_aspect,Кровать,1,1,2,1,0,1,0,0,0,0,,,0.5,,,FP/UNCLEAR are not attributable to gold_aspect; precision/F1 undefined.,1,1.2848767433315516,1.0,0.0,0.0,1.0,0.0,0.0,1.0,0.0,1.2848767433315516,1.2848767433315516
gold_aspect,gold_aspect,Круги,1,1,2,1,0,1,0,0,0,0,,,0.5,,,FP/UNCLEAR are not attributable to gold_aspect; precision/F1 undefined.,1,0.29548890609294176,0.0,1.0,1.0,1.0,1.0,0.3333333333333333,0.0,0.0,0.29548890609294176,0.29548890609294176
gold_aspect,gold_aspect,Крючок,0,0,1,0,0,1,0,0,0,0,,,0.0,,,FP/UNCLEAR are not attributable to gold_aspect; precision/F1 undefined.,0,,,,,,,,,,,
gold_aspect,gold_aspect,Купель,0,0,6,0,0,5,0,0,0,0,,,0.0,,,FP/UNCLEAR are not attributable to gold_aspect; precision/F1 undefined.,0,,,,,,,,,,,
gold_aspect,gold_aspect,Кухня,1,1,1,1,0,0,0,0,0,0,,,1.0,,,FP/UNCLEAR are not attributable to gold_aspect; precision/F1 undefined.,1,1.990384465418174,2.0,0.0,0.0,0.0,0.0,0.0,0.0,0.0,1.990384465418174,1.990384465418174
gold_aspect,gold_aspect,Лежаки,0,0,8,0,0,8,0,0,0,0,,,0.0,,,FP/UNCLEAR are not attributable to gold_aspect; precision/F1 undefined.,0,,,,,,,,,,,
gold_aspect,gold_aspect,Лента,0,0,1,0,0,1,0,0,0,0,,,0.0,,,FP/UNCLEAR are not attributable to gold_aspect; precision/F1 undefined.,0,,,,,,,,,,,
gold_aspect,gold_aspect,Леска,8,8,11,8,0,3,0,0,0,0,,,0.7272727272727273,,,FP/UNCLEAR are not attributable to gold_aspect; precision/F1 undefined.,8,0.9967275164672174,1.0,0.5,0.5,0.625,0.625,0.4646464646464647,0.125,0.0,0.9716930611175485,1.3730147554549865
gold_aspect,gold_aspect,Лимиты,1,1,2,1,0,1,0,0,0,0,,,0.5,,,FP/UNCLEAR are not attributable to gold_aspect; precision/F1 undefined.,1,0.028561527840793133,0.0,1.0,1.0,1.0,1.0,0.3333333333333333,0.0,0.0,0.028561527840793133,0.028561527840793133
gold_aspect,gold_aspect,Лифт,0,0,1,0,0,1,0,0,0,0,,,0.0,,,FP/UNCLEAR are not attributable to gold_aspect; precision/F1 undefined.,0,,,,,,,,,,,
gold_aspect,gold_aspect,Логистика,48,48,61,48,0,13,0,0,0,0,,,0.7868852459016393,,,FP/UNCLEAR are not attributable to gold_aspect; precision/F1 undefined.,48,0.8963887271975182,0.8333333333333334,0.5,0.7291666666666666,0.8541666666666666,0.8541666666666666,0.3071161048689139,0.10416666666666667,0.08333333333333333,-0.5576838996842829,1.3624466297852271
gold_aspect,gold_aspect,Магазины,5,5,5,5,0,0,0,0,0,0,,,1.0,,,FP/UNCLEAR are not attributable to gold_aspect; precision/F1 undefined.,5,1.7446680916822515,1.6,0.2,0.2,0.6,0.6,0.24999999999999997,0.4,0.2,-1.5983262317604385,2.110572078987786
gold_aspect,gold_aspect,Массаж,0,0,3,0,0,2,0,0,0,0,,,0.0,,,FP/UNCLEAR are not attributable to gold_aspect; precision/F1 undefined.,0,,,,,,,,,,,
gold_aspect,gold_aspect,Материал,1,1,1,1,0,0,0,0,0,0,,,1.0,,,FP/UNCLEAR are not attributable to gold_aspect; precision/F1 undefined.,1,0.019440686563029885,0.0,1.0,1.0,1.0,1.0,0.3333333333333333,0.0,0.0,0.019440686563029885,0.019440686563029885
gold_aspect,gold_aspect,Мебель,11,11,17,11,0,6,0,0,0,0,,,0.6470588235294118,,,FP/UNCLEAR are not attributable to gold_aspect; precision/F1 undefined.,11,1.1437398386822843,1.1818181818181819,0.2727272727272727,0.6363636363636364,0.7272727272727273,0.6363636363636364,0.25925925925925924,0.2727272727272727,0.2727272727272727,0.8469782080712982,1.598322236555654
gold_aspect,gold_aspect,Меню,1,1,4,1,0,3,0,0,0,0,,,0.25,,,FP/UNCLEAR are not attributable to gold_aspect; precision/F1 undefined.,1,1.015912753995508,1.0,0.0,0.0,1.0,0.0,0.0,0.0,0.0,1.015912753995508,1.015912753995508
gold_aspect,gold_aspect,Места,23,23,26,23,0,2,0,0,0,1,,,0.92,,,FP/UNCLEAR are not attributable to gold_aspect; precision/F1 undefined.,23,0.9215299635780747,0.9130434782608695,0.4782608695652174,0.6521739130434783,0.7391304347826086,0.6521739130434783,0.4222222222222222,0.30434782608695654,0.21739130434782608,0.506607511927027,1.358862969810007
gold_aspect,gold_aspect,Модель,11,11,27,11,0,16,0,0,0,0,,,0.4074074074074074,,,FP/UNCLEAR are not attributable to gold_aspect; precision/F1 undefined.,11,0.8049073980867185,0.8181818181818182,0.45454545454545453,0.7272727272727273,0.7272727272727273,0.8181818181818182,0.3,0.0,0.0,0.8049073980867185,1.1004647540117576
gold_aspect,gold_aspect,Модерация,5,5,15,5,0,10,0,0,0,0,,,0.3333333333333333,,,FP/UNCLEAR are not attributable to gold_aspect; precision/F1 undefined.,5,1.6003125316172373,1.4,0.2,0.2,0.4,0.4,0.1904761904761905,0.2,0.2,1.6003125316172373,1.7346651466524878
gold_aspect,gold_aspect,Навигация,14,14,36,14,0,22,0,0,0,0,,,0.3888888888888889,,,FP/UNCLEAR are not attributable to gold_aspect; precision/F1 undefined.,14,1.1091091004782356,1.1428571428571428,0.14285714285714285,0.5,0.7142857142857143,0.6428571428571429,0.5,0.07142857142857142,0.0,-0.6036649276585584,1.2406930336306456
gold_aspect,gold_aspect,Надежность,3,3,10,3,0,7,0,0,0,0,,,0.3,,,FP/UNCLEAR are not attributable to gold_aspect; precision/F1 undefined.,3,1.54868240635066,1.6666666666666667,0.0,0.0,0.3333333333333333,1.0,0.6666666666666666,0.0,0.0,-0.4130851674126461,1.563073477349668
gold_aspect,gold_aspect,Наживка,1,1,1,1,0,0,0,0,0,0,,,1.0,,,FP/UNCLEAR are not attributable to gold_aspect; precision/F1 undefined.,1,0.028875977033749223,0.0,1.0,1.0,1.0,1.0,0.3333333333333333,0.0,0.0,-0.028875977033749223,0.028875977033749223
gold_aspect,gold_aspect,Напитки,1,1,5,1,0,4,0,0,0,0,,,0.2,,,FP/UNCLEAR are not attributable to gold_aspect; precision/F1 undefined.,1,1.0684037229511887,1.0,0.0,0.0,1.0,0.0,0.0,0.0,0.0,1.0684037229511887,1.0684037229511887
gold_aspect,gold_aspect,Номер,16,16,16,16,0,0,0,0,0,0,,,1.0,,,FP/UNCLEAR are not attributable to gold_aspect; precision/F1 undefined.,16,0.9541946035083129,1.0,0.3125,0.625,0.75,0.5625,0.3873015873015873,0.0625,0.0625,0.18935101926717834,1.213751325681974
gold_aspect,gold_aspect,Обновления,0,0,1,0,0,1,0,0,0,0,,,0.0,,,FP/UNCLEAR are not attributable to gold_aspect; precision/F1 undefined.,0,,,,,,,,,,,
gold_aspect,gold_aspect,Оборудование,6,6,9,6,0,3,0,0,0,0,,,0.6666666666666666,,,FP/UNCLEAR are not attributable to gold_aspect; precision/F1 undefined.,6,0.6028225139307324,0.5,0.6666666666666666,0.8333333333333334,0.8333333333333334,0.8333333333333334,0.3333333333333333,0.0,0.0,-0.18876931693133278,0.8816634904793734
gold_aspect,gold_aspect,Обслуживание,46,46,54,46,0,8,0,0,0,0,,,0.8518518518518519,,,FP/UNCLEAR are not attributable to gold_aspect; precision/F1 undefined.,46,0.7898306005970327,0.717391304347826,0.5434782608695652,0.6521739130434783,0.8043478260869565,0.782608695652174,0.5492610837438423,0.08695652173913043,0.06521739130434782,-0.31326887515941687,1.1974898951282698
gold_aspect,gold_aspect,Общее впечатление,17,17,24,17,0,7,0,0,0,0,,,0.7083333333333334,,,FP/UNCLEAR are not attributable to gold_aspect; precision/F1 undefined.,17,1.4921904105756445,1.4705882352941178,0.11764705882352941,0.29411764705882354,0.5294117647058824,0.5882352941176471,0.24691358024691357,0.17647058823529413,0.11764705882352941,-1.4921904105756445,1.7315882510829943
gold_aspect,gold_aspect,Ожидание,15,15,21,15,0,6,0,0,0,0,,,0.7142857142857143,,,FP/UNCLEAR are not attributable to gold_aspect; precision/F1 undefined.,15,0.7816401275495688,0.7333333333333333,0.4,0.8,0.8666666666666667,0.8666666666666667,0.5824561403508772,0.06666666666666667,0.0,-0.42162157132600747,0.9582281272053818
gold_aspect,gold_aspect,Оплата,4,4,7,4,0,3,0,0,0,0,,,0.5714285714285714,,,FP/UNCLEAR are not attributable to gold_aspect; precision/F1 undefined.,4,0.46083533987621195,0.5,0.75,0.75,0.75,1.0,0.6666666666666666,0.0,0.0,0.3147048526479921,0.7757683453451997
gold_aspect,gold_aspect,Организация,6,6,8,6,0,1,0,0,0,1,,,0.8571428571428571,,,FP/UNCLEAR are not attributable to gold_aspect; precision/F1 undefined.,6,1.0079147054736193,1.1666666666666667,0.16666666666666666,0.6666666666666666,0.6666666666666666,0.8333333333333334,0.6,0.0,0.0,-0.2543658027037357,1.2136271815903086
gold_aspect,gold_aspect,Освещение,1,1,7,1,0,6,0,0,0,0,,,0.14285714285714285,,,FP/UNCLEAR are not attributable to gold_aspect; precision/F1 undefined.,1,1.0280261039733887,1.0,0.0,0.0,1.0,0.0,0.0,0.0,0.0,1.0280261039733887,1.0280261039733887
gold_aspect,gold_aspect,Оснащение,9,9,27,9,0,18,0,0,0,0,,,0.3333333333333333,,,FP/UNCLEAR are not attributable to gold_aspect; precision/F1 undefined.,9,1.6243479494652193,1.6666666666666667,0.2222222222222222,0.4444444444444444,0.4444444444444444,0.3333333333333333,0.2592592592592593,0.2222222222222222,0.2222222222222222,1.1579790325033374,2.0250762580898813
gold_aspect,gold_aspect,Отзывы,5,5,9,5,0,4,0,0,0,0,,,0.5555555555555556,,,FP/UNCLEAR are not attributable to gold_aspect; precision/F1 undefined.,5,0.7886190552460903,0.6,0.6,0.6,0.8,0.6,0.48888888888888893,0.0,0.0,-0.17255931219187914,1.0221041219289513
gold_aspect,gold_aspect,Оформление,0,0,1,0,0,1,0,0,0,0,,,0.0,,,FP/UNCLEAR are not attributable to gold_aspect; precision/F1 undefined.,0,,,,,,,,,,,
gold_aspect,gold_aspect,Охрана,2,2,4,2,0,2,0,0,0,0,,,0.5,,,FP/UNCLEAR are not attributable to gold_aspect; precision/F1 undefined.,2,3.342063250951469,3.5,0.0,0.0,0.0,0.0,0.0,1.0,0.5,-0.4691117061302066,3.3748263016322326
gold_aspect,gold_aspect,Очереди,42,42,51,42,0,9,0,0,0,0,,,0.8235294117647058,,,FP/UNCLEAR are not attributable to gold_aspect; precision/F1 undefined.,42,1.4737780619793088,1.5238095238095237,0.2857142857142857,0.40476190476190477,0.5,0.47619047619047616,0.3436041083099907,0.3333333333333333,0.2619047619047619,1.1047483607215414,1.8670952594590788
gold_aspect,gold_aspect,Парковка,22,22,28,22,0,6,0,0,0,0,,,0.7857142857142857,,,FP/UNCLEAR are not attributable to gold_aspect; precision/F1 undefined.,22,1.2415136519498033,1.3181818181818181,0.22727272727272727,0.5,0.5909090909090909,0.45454545454545453,0.32634032634032634,0.22727272727272727,0.09090909090909091,-0.10292882176409793,1.512418795257855
gold_aspect,gold_aspect,Перрон,16,16,27,16,0,11,0,0,0,0,,,0.5925925925925926,,,FP/UNCLEAR are not attributable to gold_aspect; precision/F1 undefined.,16,1.3539121492367485,1.4375,0.125,0.375,0.5,0.5,0.2222222222222222,0.375,0.125,1.097389893214313,1.5714409880716214
gold_aspect,gold_aspect,Персонал,45,45,52,45,0,7,0,0,0,0,,,0.8653846153846154,,,FP/UNCLEAR are not attributable to gold_aspect; precision/F1 undefined.,45,0.7913236507696436,0.7555555555555555,0.6,0.6444444444444445,0.7777777777777778,0.8888888888888888,0.5917252146760343,0.08888888888888889,0.08888888888888889,-0.14762907077868778,1.2654094636784685
gold_aspect,gold_aspect,Пещера,0,0,5,0,0,4,0,0,0,1,,,0.0,,,FP/UNCLEAR are not attributable to gold_aspect; precision/F1 undefined.,0,,,,,,,,,,,
gold_aspect,gold_aspect,Планировка,7,7,13,7,0,6,0,0,0,0,,,0.5384615384615384,,,FP/UNCLEAR are not attributable to gold_aspect; precision/F1 undefined.,7,0.5412696109072256,0.42857142857142855,0.5714285714285714,0.7142857142857143,1.0,0.8571428571428571,0.30769230769230765,0.0,0.0,0.25964469064846135,0.7504179833063529
gold_aspect,gold_aspect,Платформа,2,2,2,2,0,0,0,0,0,0,,,1.0,,,FP/UNCLEAR are not attributable to gold_aspect; precision/F1 undefined.,2,1.5490119419409893,1.5,0.0,0.0,0.5,1.0,0.3333333333333333,0.0,0.0,-1.5490119419409893,1.5521940911108145
gold_aspect,gold_aspect,Площадка,27,27,27,27,0,0,0,0,0,0,,,1.0,,,FP/UNCLEAR are not attributable to gold_aspect; precision/F1 undefined.,27,0.977771865869592,0.9259259259259259,0.2962962962962963,0.5555555555555556,0.8148148148148148,0.7777777777777778,0.4565217391304348,0.07407407407407407,0.037037037037037035,-0.966934747995563,1.1678187509025242
gold_aspect,gold_aspect,Площадь,1,1,1,1,0,0,0,0,0,0,,,1.0,,,FP/UNCLEAR are not attributable to gold_aspect; precision/F1 undefined.,1,1.2636762857437134,1.0,0.0,0.0,1.0,0.0,0.0,1.0,0.0,-1.2636762857437134,1.2636762857437134
gold_aspect,gold_aspect,Плюшки,0,0,1,0,0,1,0,0,0,0,,,0.0,,,FP/UNCLEAR are not attributable to gold_aspect; precision/F1 undefined.,0,,,,,,,,,,,
gold_aspect,gold_aspect,Поводок,0,0,1,0,0,1,0,0,0,0,,,0.0,,,FP/UNCLEAR are not attributable to gold_aspect; precision/F1 undefined.,0,,,,,,,,,,,
gold_aspect,gold_aspect,Подборки,1,1,1,1,0,0,0,0,0,0,,,1.0,,,FP/UNCLEAR are not attributable to gold_aspect; precision/F1 undefined.,1,1.6974873729777755,2.0,0.0,0.0,0.0,1.0,0.3333333333333333,0.0,0.0,-1.6974873729777755,1.6974873729777755
gold_aspect,gold_aspect,Поддержка,28,28,33,28,0,5,0,0,0,0,,,0.8484848484848485,,,FP/UNCLEAR are not attributable to gold_aspect; precision/F1 undefined.,28,0.9604537105126708,0.9642857142857143,0.4642857142857143,0.5714285714285714,0.6428571428571429,0.6428571428571429,0.4678362573099415,0.14285714285714285,0.10714285714285714,0.7599124710604883,1.3470327011784557
gold_aspect,gold_aspect,Подписка,0,0,1,0,0,1,0,0,0,0,,,0.0,,,FP/UNCLEAR are not attributable to gold_aspect; precision/F1 undefined.,0,,,,,,,,,,,
gold_aspect,gold_aspect,Подъезд,3,3,8,3,0,5,0,0,0,0,,,0.375,,,FP/UNCLEAR are not attributable to gold_aspect; precision/F1 undefined.,3,0.6198018213229565,0.6666666666666666,0.3333333333333333,1.0,1.0,1.0,0.3333333333333333,0.0,0.0,-0.3309318589163013,0.6435978344663519
gold_aspect,gold_aspect,Поедаемость,62,62,82,62,0,20,0,0,0,0,,,0.7560975609756098,,,FP/UNCLEAR are not attributable to gold_aspect; precision/F1 undefined.,62,0.665526863714237,0.5645161290322581,0.5645161290322581,0.7419354838709677,0.8870967741935484,0.8709677419354839,0.5761904761904763,0.016129032258064516,0.0,-0.6363392495371837,0.938967513609625
gold_aspect,gold_aspect,Поиск,1,1,4,1,0,3,0,0,0,0,,,0.25,,,FP/UNCLEAR are not attributable to gold_aspect; precision/F1 undefined.,1,1.1323592588305473,1.0,0.0,0.0,1.0,1.0,0.3333333333333333,0.0,0.0,-1.1323592588305473,1.1323592588305473
gold_aspect,gold_aspect,Пол,1,1,3,1,0,2,0,0,0,0,,,0.3333333333333333,,,FP/UNCLEAR are not attributable to gold_aspect; precision/F1 undefined.,1,2.1545847207307816,2.0,0.0,0.0,0.0,0.0,0.0,0.0,0.0,2.1545847207307816,2.1545847207307816
gold_aspect,gold_aspect,Полотенца,1,1,4,1,0,3,0,0,0,0,,,0.25,,,FP/UNCLEAR are not attributable to gold_aspect; precision/F1 undefined.,1,1.610028445138596,2.0,0.0,0.0,0.0,1.0,0.3333333333333333,0.0,0.0,1.610028445138596,1.610028445138596
gold_aspect,gold_aspect,Порядок,2,2,2,2,0,0,0,0,0,0,,,1.0,,,FP/UNCLEAR are not attributable to gold_aspect; precision/F1 undefined.,2,0.6549375536269508,0.5,0.5,0.5,1.0,1.0,0.6666666666666666,0.0,0.0,-0.5880963584058918,0.8802275421282422
gold_aspect,gold_aspect,Правила,0,0,2,0,0,2,0,0,0,0,,,0.0,,,FP/UNCLEAR are not attributable to gold_aspect; precision/F1 undefined.,0,,,,,,,,,,,
gold_aspect,gold_aspect,Приложение,3,3,6,3,0,3,0,0,0,0,,,0.5,,,FP/UNCLEAR are not attributable to gold_aspect; precision/F1 undefined.,3,0.8927709419513121,0.6666666666666666,0.3333333333333333,0.3333333333333333,1.0,1.0,0.3333333333333333,0.0,0.0,-0.8927709419513121,1.0465237761225397
gold_aspect,gold_aspect,Приманка,2,2,5,2,0,3,0,0,0,0,,,0.4,,,FP/UNCLEAR are not attributable to gold_aspect; precision/F1 undefined.,2,3.6281128774862736,3.5,0.0,0.0,0.0,0.0,0.0,1.0,1.0,-3.6281128774862736,3.640902131927719
gold_aspect,gold_aspect,Примерка,0,0,1,0,0,1,0,0,0,0,,,0.0,,,FP/UNCLEAR are not attributable to gold_aspect; precision/F1 undefined.,0,,,,,,,,,,,
gold_aspect,gold_aspect,Продавец,20,20,23,20,0,3,0,0,0,0,,,0.8695652173913043,,,FP/UNCLEAR are not attributable to gold_aspect; precision/F1 undefined.,20,1.0086671903916795,1.0,0.4,0.5,0.65,0.75,0.41707717569786534,0.05,0.0,0.10302713370892888,1.339465625894625
gold_aspect,gold_aspect,Продвижение,0,0,5,0,0,5,0,0,0,0,,,0.0,,,FP/UNCLEAR are not attributable to gold_aspect; precision/F1 undefined.,0,,,,,,,,,,,
gold_aspect,gold_aspect,Простор,2,2,2,2,0,0,0,0,0,0,,,1.0,,,FP/UNCLEAR are not attributable to gold_aspect; precision/F1 undefined.,2,1.377717028837651,1.5,0.0,0.5,0.5,0.5,0.3333333333333333,0.0,0.0,1.377717028837651,1.488617178070317
gold_aspect,gold_aspect,Пространство,0,0,1,0,0,1,0,0,0,0,,,0.0,,,FP/UNCLEAR are not attributable to gold_aspect; precision/F1 undefined.,0,,,,,,,,,,,
gold_aspect,gold_aspect,Профиль,0,0,1,0,0,1,0,0,0,0,,,0.0,,,FP/UNCLEAR are not attributable to gold_aspect; precision/F1 undefined.,0,,,,,,,,,,,
gold_aspect,gold_aspect,Процедуры,1,1,1,1,0,0,0,0,0,0,,,1.0,,,FP/UNCLEAR are not attributable to gold_aspect; precision/F1 undefined.,1,0.2563090715557337,0.0,1.0,1.0,1.0,1.0,0.3333333333333333,0.0,0.0,-0.2563090715557337,0.2563090715557337
gold_aspect,gold_aspect,Публикация,2,2,4,2,0,2,0,0,0,0,,,0.5,,,FP/UNCLEAR are not attributable to gold_aspect; precision/F1 undefined.,2,1.5194654520601034,1.5,0.0,0.0,0.5,0.5,0.3333333333333333,0.0,0.0,-0.23198741022497416,1.537073003636166
gold_aspect,gold_aspect,Пункты,2,2,4,2,0,2,0,0,0,0,,,0.5,,,FP/UNCLEAR are not attributable to gold_aspect; precision/F1 undefined.,2,1.3186961713945493,1.5,0.0,0.5,0.5,0.5,0.2222222222222222,0.5,0.0,0.3199880529427901,1.3569642392033625
gold_aspect,gold_aspect,Развлечения,0,0,1,0,0,1,0,0,0,0,,,0.0,,,FP/UNCLEAR are not attributable to gold_aspect; precision/F1 undefined.,0,,,,,,,,,,,
gold_aspect,gold_aspect,Раздевалка,1,1,15,1,0,14,0,0,0,0,,,0.06666666666666667,,,FP/UNCLEAR are not attributable to gold_aspect; precision/F1 undefined.,1,1.669275039806962,2.0,0.0,0.0,0.0,0.0,0.0,1.0,0.0,1.669275039806962,1.669275039806962
gold_aspect,gold_aspect,Размер,61,61,84,61,0,23,0,0,0,0,,,0.7261904761904762,,,FP/UNCLEAR are not attributable to gold_aspect; precision/F1 undefined.,61,0.8131967283695646,0.7868852459016393,0.47540983606557374,0.6885245901639344,0.7377049180327869,0.7377049180327869,0.5865841073271415,0.01639344262295082,0.01639344262295082,0.7061153909994946,1.0864857380332842
gold_aspect,gold_aspect,Размещение,0,0,4,0,0,4,0,0,0,0,,,0.0,,,FP/UNCLEAR are not attributable to gold_aspect; precision/F1 undefined.,0,,,,,,,,,,,
gold_aspect,gold_aspect,Расписание,2,2,2,2,0,0,0,0,0,0,,,1.0,,,FP/UNCLEAR are not attributable to gold_aspect; precision/F1 undefined.,2,0.05715464864806563,0.0,1.0,1.0,1.0,1.0,0.3333333333333333,0.0,0.0,0.05715464864806563,0.07998856403885006
gold_aspect,gold_aspect,Расположение,46,46,74,46,0,28,0,0,0,0,,,0.6216216216216216,,,FP/UNCLEAR are not attributable to gold_aspect; precision/F1 undefined.,46,0.7736109078131963,0.782608695652174,0.4782608695652174,0.717391304347826,0.782608695652174,0.8260869565217391,0.5491452991452991,0.043478260869565216,0.021739130434782608,-0.5906385920728929,1.1142399780608852
gold_aspect,gold_aspect,Расход,6,6,10,6,0,4,0,0,0,0,,,0.6,,,FP/UNCLEAR are not attributable to gold_aspect; precision/F1 undefined.,6,1.3724141172133386,1.5,0.16666666666666666,0.16666666666666666,0.3333333333333333,0.6666666666666666,0.26666666666666666,0.0,0.0,-1.3724141172133386,1.5199769876731943
gold_aspect,gold_aspect,Регистрация,7,7,7,7,0,0,0,0,0,0,,,1.0,,,FP/UNCLEAR are not attributable to gold_aspect; precision/F1 undefined.,7,1.6516982412202716,1.7142857142857142,0.14285714285714285,0.2857142857142857,0.42857142857142855,0.5714285714285714,0.38888888888888884,0.2857142857142857,0.14285714285714285,0.017642464145735306,1.9873187001569033
gold_aspect,gold_aspect,Рейсы,2,2,2,2,0,0,0,0,0,0,,,1.0,,,FP/UNCLEAR are not attributable to gold_aspect; precision/F1 undefined.,2,0.16185074433451518,0.0,1.0,1.0,1.0,1.0,0.3333333333333333,0.0,0.0,-0.16185074433451518,0.21301645626425206
gold_aspect,gold_aspect,Рекомендации,1,1,2,1,0,1,0,0,0,0,,,0.5,,,FP/UNCLEAR are not attributable to gold_aspect; precision/F1 undefined.,1,1.9684672970324755,2.0,0.0,0.0,0.0,0.0,0.0,0.0,0.0,-1.9684672970324755,1.9684672970324755
gold_aspect,gold_aspect,Ремонт,0,0,1,0,0,0,0,0,0,1,,,0.0,,,FP/UNCLEAR are not attributable to gold_aspect; precision/F1 undefined.,0,,,,,,,,,,,
gold_aspect,gold_aspect,Ресторан,0,0,2,0,0,2,0,0,0,0,,,0.0,,,FP/UNCLEAR are not attributable to gold_aspect; precision/F1 undefined.,0,,,,,,,,,,,
gold_aspect,gold_aspect,Сайт,5,5,5,5,0,0,0,0,0,0,,,1.0,,,FP/UNCLEAR are not attributable to gold_aspect; precision/F1 undefined.,5,1.399388815779821,1.4,0.2,0.2,0.6,0.6,0.4444444444444444,0.2,0.0,-0.7998150025872747,1.6273086093685645
gold_aspect,gold_aspect,Сантехника,3,3,3,3,0,0,0,0,0,0,,,1.0,,,FP/UNCLEAR are not attributable to gold_aspect; precision/F1 undefined.,3,2.8118290584146357,3.0,0.0,0.0,0.0,0.0,0.0,0.6666666666666666,0.6666666666666666,2.8118290584146357,2.8949725377612934
gold_aspect,gold_aspect,Сауна,1,1,28,1,0,25,0,0,0,2,,,0.038461538461538464,,,FP/UNCLEAR are not attributable to gold_aspect; precision/F1 undefined.,1,1.5494826482608914,2.0,0.0,0.0,0.0,1.0,0.3333333333333333,0.0,0.0,-1.5494826482608914,1.5494826482608914
gold_aspect,gold_aspect,Сборка,1,1,2,1,0,1,0,0,0,0,,,0.5,,,FP/UNCLEAR are not attributable to gold_aspect; precision/F1 undefined.,1,3.4195239767432213,3.0,0.0,0.0,0.0,0.0,0.0,1.0,1.0,3.4195239767432213,3.4195239767432213
gold_aspect,gold_aspect,Свежесть,2,2,10,2,0,8,0,0,0,0,,,0.2,,,FP/UNCLEAR are not attributable to gold_aspect; precision/F1 undefined.,2,1.3312087932426948,1.5,0.0,0.5,0.5,0.5,0.2222222222222222,0.0,0.0,-1.3312087932426948,1.4943248143755556
gold_aspect,gold_aspect,Связь,0,0,1,0,0,1,0,0,0,0,,,0.0,,,FP/UNCLEAR are not attributable to gold_aspect; precision/F1 undefined.,0,,,,,,,,,,,
gold_aspect,gold_aspect,Сервис,23,23,28,23,0,5,0,0,0,0,,,0.8214285714285714,,,FP/UNCLEAR are not attributable to gold_aspect; precision/F1 undefined.,23,0.49195834602932853,0.43478260869565216,0.6956521739130435,0.8260869565217391,0.8695652173913043,0.9130434782608695,0.6111111111111112,0.043478260869565216,0.043478260869565216,-0.25999633903088776,0.8097607601419209
gold_aspect,gold_aspect,Система,0,0,1,0,0,1,0,0,0,0,,,0.0,,,FP/UNCLEAR are not attributable to gold_aspect; precision/F1 undefined.,0,,,,,,,,,,,
gold_aspect,gold_aspect,Скидки,2,2,2,2,0,0,0,0,0,0,,,1.0,,,FP/UNCLEAR are not attributable to gold_aspect; precision/F1 undefined.,2,2.164175048848847,2.0,0.5,0.5,0.5,0.5,0.2222222222222222,0.5,0.5,-1.8205185941478703,2.8280632230730003
gold_aspect,gold_aspect,Скорость,21,21,41,21,0,20,0,0,0,0,,,0.5121951219512195,,,FP/UNCLEAR are not attributable to gold_aspect; precision/F1 undefined.,21,0.8411270523744557,0.8095238095238095,0.5238095238095238,0.6666666666666666,0.7619047619047619,0.7619047619047619,0.5456140350877193,0.09523809523809523,0.047619047619047616,-0.5775731155528254,1.2735037713335682
gold_aspect,gold_aspect,Следы,1,1,1,1,0,0,0,0,0,0,,,1.0,,,FP/UNCLEAR are not attributable to gold_aspect; precision/F1 undefined.,1,1.9764742428669706,2.0,0.0,0.0,0.0,0.0,0.0,0.0,0.0,-1.9764742428669706,1.9764742428669706
gold_aspect,gold_aspect,Снасти,2,2,4,2,0,2,0,0,0,0,,,0.5,,,FP/UNCLEAR are not attributable to gold_aspect; precision/F1 undefined.,2,1.8050584616139531,2.0,0.0,0.5,0.5,0.5,0.2222222222222222,0.5,0.5,-1.8050584616139531,2.138787142673398
gold_aspect,gold_aspect,Содержание,3,3,4,3,0,1,0,0,0,0,,,0.75,,,FP/UNCLEAR are not attributable to gold_aspect; precision/F1 undefined.,3,0.37508984664115513,0.3333333333333333,0.6666666666666666,0.6666666666666666,1.0,0.6666666666666666,0.3333333333333333,0.0,0.0,0.2991791341798186,0.585869251387447
gold_aspect,gold_aspect,Соответствие,79,79,111,79,0,32,0,0,0,0,,,0.7117117117117117,,,FP/UNCLEAR are not attributable to gold_aspect; precision/F1 undefined.,79,1.0723136020827997,1.0506329113924051,0.3670886075949367,0.569620253164557,0.6708860759493671,0.620253164556962,0.5053897180762852,0.10126582278481013,0.10126582278481013,-0.41354927335994,1.4201487072523773
gold_aspect,gold_aspect,Состав,11,11,12,11,0,1,0,0,0,0,,,0.9166666666666666,,,FP/UNCLEAR are not attributable to gold_aspect; precision/F1 undefined.,11,0.7013052041293122,0.5454545454545454,0.5454545454545454,0.8181818181818182,0.9090909090909091,0.9090909090909091,0.31746031746031744,0.09090909090909091,0.0,-0.6748402094711888,0.9626828367466124
gold_aspect,gold_aspect,Состояние,19,19,29,19,0,10,0,0,0,0,,,0.6551724137931034,,,FP/UNCLEAR are not attributable to gold_aspect; precision/F1 undefined.,19,0.778420030597772,0.7894736842105263,0.42105263157894735,0.7368421052631579,0.8947368421052632,0.8421052631578947,0.8857142857142857,0.15789473684210525,0.05263157894736842,-0.10707074970636504,1.1311173271272514
gold_aspect,gold_aspect,Сотрудники,1,1,1,1,0,0,0,0,0,0,,,1.0,,,FP/UNCLEAR are not attributable to gold_aspect; precision/F1 undefined.,1,0.4167021909815958,0.0,1.0,1.0,1.0,1.0,0.3333333333333333,0.0,0.0,-0.4167021909815958,0.4167021909815958
gold_aspect,gold_aspect,Спа,1,1,23,1,0,21,0,0,0,1,,,0.045454545454545456,,,FP/UNCLEAR are not attributable to gold_aspect; precision/F1 undefined.,1,0.19863362109754235,0.0,1.0,1.0,1.0,1.0,0.3333333333333333,0.0,0.0,-0.19863362109754235,0.19863362109754235
gold_aspect,gold_aspect,Спам,0,0,1,0,0,1,0,0,0,0,,,0.0,,,FP/UNCLEAR are not attributable to gold_aspect; precision/F1 undefined.,0,,,,,,,,,,,
gold_aspect,gold_aspect,Спасатели,0,0,2,0,0,2,0,0,0,0,,,0.0,,,FP/UNCLEAR are not attributable to gold_aspect; precision/F1 undefined.,0,,,,,,,,,,,
gold_aspect,gold_aspect,Спиннинг,7,7,11,7,0,4,0,0,0,0,,,0.6363636363636364,,,FP/UNCLEAR are not attributable to gold_aspect; precision/F1 undefined.,7,1.664534127306459,1.8571428571428572,0.0,0.14285714285714285,0.2857142857142857,0.7142857142857143,0.30303030303030304,0.14285714285714285,0.14285714285714285,-1.664534127306459,1.7728401965474614
gold_aspect,gold_aspect,Стабильность,0,0,2,0,0,2,0,0,0,0,,,0.0,,,FP/UNCLEAR are not attributable to gold_aspect; precision/F1 undefined.,0,,,,,,,,,,,
gold_aspect,gold_aspect,Стойкость,1,1,2,1,0,1,0,0,0,0,,,0.5,,,FP/UNCLEAR are not attributable to gold_aspect; precision/F1 undefined.,1,2.012918644119054,2.0,0.0,0.0,0.0,0.0,0.0,0.0,0.0,-2.012918644119054,2.012918644119054
gold_aspect,gold_aspect,Такси,11,11,11,11,0,0,0,0,0,0,,,1.0,,,FP/UNCLEAR are not attributable to gold_aspect; precision/F1 undefined.,11,1.1797057957869996,1.2727272727272727,0.36363636363636365,0.45454545454545453,0.5454545454545454,0.45454545454545453,0.30036630036630035,0.36363636363636365,0.09090909090909091,-0.2859237119158603,1.564600372323365
gold_aspect,gold_aspect,Таможня,1,1,1,1,0,0,0,0,0,0,,,1.0,,,FP/UNCLEAR are not attributable to gold_aspect; precision/F1 undefined.,1,0.6395157799124718,1.0,0.0,1.0,1.0,1.0,0.3333333333333333,0.0,0.0,0.6395157799124718,0.6395157799124718
gold_aspect,gold_aspect,Тарифы,1,1,2,1,0,1,0,0,0,0,,,0.5,,,FP/UNCLEAR are not attributable to gold_aspect; precision/F1 undefined.,1,0.9778556391829625,1.0,0.0,1.0,1.0,1.0,0.3333333333333333,0.0,0.0,-0.9778556391829625,0.9778556391829625
gold_aspect,gold_aspect,Текст,1,1,1,1,0,0,0,0,0,0,,,1.0,,,FP/UNCLEAR are not attributable to gold_aspect; precision/F1 undefined.,1,0.05109094908402767,0.0,1.0,1.0,1.0,1.0,0.3333333333333333,0.0,0.0,0.05109094908402767,0.05109094908402767
gold_aspect,gold_aspect,Температура,4,4,9,4,0,5,0,0,0,0,,,0.4444444444444444,,,FP/UNCLEAR are not attributable to gold_aspect; precision/F1 undefined.,4,1.0872023434203584,1.0,0.75,0.75,0.75,0.75,0.48888888888888893,0.25,0.25,-1.0763724373246077,1.938232080171561
gold_aspect,gold_aspect,Термы,4,4,57,4,0,51,0,0,0,2,,,0.07272727272727272,,,FP/UNCLEAR are not attributable to gold_aspect; precision/F1 undefined.,4,1.3410799922421575,1.25,0.25,0.25,0.5,0.75,0.2857142857142857,0.0,0.0,-1.3410799922421575,1.4684336155436681
gold_aspect,gold_aspect,Территория,4,4,8,4,0,4,0,0,0,0,,,0.5,,,FP/UNCLEAR are not attributable to gold_aspect; precision/F1 undefined.,4,1.0993012970611744,1.0,0.25,0.5,0.75,0.75,0.48888888888888893,0.25,0.0,-1.09845242990923,1.4013781983426266
gold_aspect,gold_aspect,Товар,1,1,1,1,0,0,0,0,0,0,,,1.0,,,FP/UNCLEAR are not attributable to gold_aspect; precision/F1 undefined.,1,1.811259113252163,2.0,0.0,0.0,0.0,0.0,0.0,0.0,0.0,-1.811259113252163,1.811259113252163
gold_aspect,gold_aspect,Транспорт,4,4,5,4,0,1,0,0,0,0,,,0.8,,,FP/UNCLEAR are not attributable to gold_aspect; precision/F1 undefined.,4,0.7758819915761705,0.5,0.75,0.75,0.75,0.75,0.3333333333333333,0.0,0.0,-0.3231882212276105,1.131869782709423
gold_aspect,gold_aspect,Туалет,23,23,31,23,0,8,0,0,0,0,,,0.7419354838709677,,,FP/UNCLEAR are not attributable to gold_aspect; precision/F1 undefined.,23,0.8114840769109002,0.782608695652174,0.5217391304347826,0.7391304347826086,0.8260869565217391,0.782608695652174,0.5062034739454094,0.13043478260869565,0.08695652173913043,0.06909023235240729,1.2890190311224459
gold_aspect,gold_aspect,Тюбинги,0,0,1,0,0,1,0,0,0,0,,,0.0,,,FP/UNCLEAR are not attributable to gold_aspect; precision/F1 undefined.,0,,,,,,,,,,,
gold_aspect,gold_aspect,Уборка,3,3,4,3,0,1,0,0,0,0,,,0.75,,,FP/UNCLEAR are not attributable to gold_aspect; precision/F1 undefined.,3,2.3070501903033196,2.3333333333333335,0.3333333333333333,0.3333333333333333,0.3333333333333333,0.3333333333333333,0.16666666666666666,0.6666666666666666,0.6666666666666666,2.3070501903033196,2.803469956203234
gold_aspect,gold_aspect,Уведомления,1,1,2,1,0,1,0,0,0,0,,,0.5,,,FP/UNCLEAR are not attributable to gold_aspect; precision/F1 undefined.,1,1.138609142974019,1.0,0.0,0.0,1.0,0.0,0.0,0.0,0.0,1.138609142974019,1.138609142974019
gold_aspect,gold_aspect,Удилище,5,5,9,5,0,4,0,0,0,0,,,0.5555555555555556,,,FP/UNCLEAR are not attributable to gold_aspect; precision/F1 undefined.,5,1.2962613348296146,1.4,0.4,0.6,0.6,0.6,0.24999999999999997,0.4,0.2,-0.86054670602025,1.7514045686092743
gold_aspect,gold_aspect,Удобства,11,11,21,11,0,10,0,0,0,0,,,0.5238095238095238,,,FP/UNCLEAR are not attributable to gold_aspect; precision/F1 undefined.,11,1.0632771296910837,1.0,0.2727272727272727,0.5454545454545454,0.7272727272727273,0.6363636363636364,0.5333333333333333,0.0,0.0,-0.8574087304123995,1.2772709482665463
gold_aspect,gold_aspect,Удобство,49,49,76,49,0,27,0,0,0,0,,,0.6447368421052632,,,FP/UNCLEAR are not attributable to gold_aspect; precision/F1 undefined.,49,1.0399103420626192,1.0408163265306123,0.3469387755102041,0.5510204081632653,0.7142857142857143,0.673469387755102,0.4557165861513688,0.10204081632653061,0.061224489795918366,-0.8794792537816221,1.4119806990950992
gold_aspect,gold_aspect,Удочка,10,10,11,10,0,1,0,0,0,0,,,0.9090909090909091,,,FP/UNCLEAR are not attributable to gold_aspect; precision/F1 undefined.,10,1.1900485805934296,1.1,0.4,0.5,0.7,0.7,0.4646464646464647,0.3,0.1,-0.9442393658915534,1.5451266303014313
gold_aspect,gold_aspect,Упаковка,149,149,214,149,0,65,0,0,0,0,,,0.6962616822429907,,,FP/UNCLEAR are not attributable to gold_aspect; precision/F1 undefined.,149,0.90616909831784,0.8791946308724832,0.4563758389261745,0.6375838926174496,0.738255033557047,0.738255033557047,0.5203030303030304,0.11409395973154363,0.0738255033557047,-0.018050522276623435,1.2789504663631428
gold_aspect,gold_aspect,Уход,1,1,1,1,0,0,0,0,0,0,,,1.0,,,FP/UNCLEAR are not attributable to gold_aspect; precision/F1 undefined.,1,0.9135579094290733,1.0,0.0,1.0,1.0,0.0,0.0,0.0,0.0,0.9135579094290733,0.9135579094290733
gold_aspect,gold_aspect,Фактура,5,5,13,5,0,8,0,0,0,0,,,0.38461538461538464,,,FP/UNCLEAR are not attributable to gold_aspect; precision/F1 undefined.,5,0.7643528051674366,0.8,0.4,0.8,0.8,0.8,0.6190476190476191,0.0,0.0,0.5193510450422764,1.0306430165203746
gold_aspect,gold_aspect,Фасад,0,0,1,0,0,1,0,0,0,0,,,0.0,,,FP/UNCLEAR are not attributable to gold_aspect; precision/F1 undefined.,0,,,,,,,,,,,
gold_aspect,gold_aspect,Фены,0,0,4,0,0,4,0,0,0,0,,,0.0,,,FP/UNCLEAR are not attributable to gold_aspect; precision/F1 undefined.,0,,,,,,,,,,,
gold_aspect,gold_aspect,Фильтры,1,1,2,1,0,1,0,0,0,0,,,0.5,,,FP/UNCLEAR are not attributable to gold_aspect; precision/F1 undefined.,1,0.09351628413423896,0.0,1.0,1.0,1.0,1.0,0.3333333333333333,0.0,0.0,0.09351628413423896,0.09351628413423896
gold_aspect,gold_aspect,Фитнес,0,0,1,0,0,1,0,0,0,0,,,0.0,,,FP/UNCLEAR are not attributable to gold_aspect; precision/F1 undefined.,0,,,,,,,,,,,
gold_aspect,gold_aspect,Фонарик,2,2,13,2,0,11,0,0,0,0,,,0.15384615384615385,,,FP/UNCLEAR are not attributable to gold_aspect; precision/F1 undefined.,2,0.3078539080452174,0.5,0.5,1.0,1.0,1.0,0.3333333333333333,0.0,0.0,-0.3078539080452174,0.39893791804950407
gold_aspect,gold_aspect,Форма,2,2,2,2,0,0,0,0,0,0,,,1.0,,,FP/UNCLEAR are not attributable to gold_aspect; precision/F1 undefined.,2,1.2571198480436578,1.0,0.0,0.0,1.0,0.5,0.2222222222222222,0.0,0.0,1.2571198480436578,1.2794734561734566
gold_aspect,gold_aspect,Фото,0,0,1,0,0,1,0,0,0,0,,,0.0,,,FP/UNCLEAR are not attributable to gold_aspect; precision/F1 undefined.,0,,,,,,,,,,,
gold_aspect,gold_aspect,Фудкорт,0,0,2,0,0,2,0,0,0,0,,,0.0,,,FP/UNCLEAR are not attributable to gold_aspect; precision/F1 undefined.,0,,,,,,,,,,,
gold_aspect,gold_aspect,Функционал,3,3,6,3,0,3,0,0,0,0,,,0.5,,,FP/UNCLEAR are not attributable to gold_aspect; precision/F1 undefined.,3,0.21887843947236738,0.3333333333333333,0.6666666666666666,1.0,1.0,1.0,1.0,0.0,0.0,-0.19383208096648255,0.3006820739330694
gold_aspect,gold_aspect,Функциональность,3,3,21,3,0,18,0,0,0,0,,,0.14285714285714285,,,FP/UNCLEAR are not attributable to gold_aspect; precision/F1 undefined.,3,1.8112515055496867,2.0,0.0,0.3333333333333333,0.3333333333333333,0.3333333333333333,0.16666666666666666,0.3333333333333333,0.3333333333333333,-1.8112515055496867,2.0015306494098155
gold_aspect,gold_aspect,Хаммам,2,2,13,2,0,11,0,0,0,0,,,0.15384615384615385,,,FP/UNCLEAR are not attributable to gold_aspect; precision/F1 undefined.,2,2.1943388408981264,2.5,0.0,0.0,0.0,0.5,0.2222222222222222,0.5,0.5,-2.1943388408981264,2.2671063173304926
gold_aspect,gold_aspect,Хлорка,1,1,2,1,0,1,0,0,0,0,,,0.5,,,FP/UNCLEAR are not attributable to gold_aspect; precision/F1 undefined.,1,1.69194196164608,2.0,0.0,0.0,0.0,1.0,0.3333333333333333,0.0,0.0,1.69194196164608,1.69194196164608
gold_aspect,gold_aspect,Цвет,23,23,26,23,0,3,0,0,0,0,,,0.8846153846153846,,,FP/UNCLEAR are not attributable to gold_aspect; precision/F1 undefined.,23,0.6858220646441306,0.6521739130434783,0.4782608695652174,0.6956521739130435,0.8695652173913043,0.9565217391304348,0.6551724137931035,0.0,0.0,-0.06886246826109962,0.920219676357166
gold_aspect,gold_aspect,Цена,162,162,208,162,0,44,0,0,0,1,,,0.7864077669902912,,,FP/UNCLEAR are not attributable to gold_aspect; precision/F1 undefined.,162,1.2492855774407758,1.2098765432098766,0.3950617283950617,0.5802469135802469,0.654320987654321,0.6419753086419753,0.48469025291275925,0.2716049382716049,0.19753086419753085,-0.07932601381715942,1.7237154120151763
gold_aspect,gold_aspect,Цены,5,5,8,5,0,3,0,0,0,0,,,0.625,,,FP/UNCLEAR are not attributable to gold_aspect; precision/F1 undefined.,5,1.1796253802313004,1.2,0.6,0.6,0.6,0.6,0.43333333333333335,0.2,0.2,-0.3435313882830087,1.846548315389011
gold_aspect,gold_aspect,Часы,38,38,72,38,0,34,0,0,0,0,,,0.5277777777777778,,,FP/UNCLEAR are not attributable to gold_aspect; precision/F1 undefined.,38,0.9045595114799462,0.9210526315789473,0.2894736842105263,0.6052631578947368,0.7894736842105263,0.8157894736842105,0.6307692307692307,0.0,0.0,0.8440261426914827,1.1073079133742454
gold_aspect,gold_aspect,Чистота,45,45,101,45,0,55,0,0,0,1,,,0.45,,,FP/UNCLEAR are not attributable to gold_aspect; precision/F1 undefined.,45,1.0254826905692123,1.0222222222222221,0.4666666666666667,0.5333333333333333,0.6666666666666666,0.6444444444444445,0.5042441834894665,0.15555555555555556,0.1111111111111111,0.321442284487542,1.5026766318985014
gold_aspect,gold_aspect,Шезлонги,0,0,3,0,0,3,0,0,0,0,,,0.0,,,FP/UNCLEAR are not attributable to gold_aspect; precision/F1 undefined.,0,,,,,,,,,,,
gold_aspect,gold_aspect,Шкафчик,1,1,3,1,0,2,0,0,0,0,,,0.3333333333333333,,,FP/UNCLEAR are not attributable to gold_aspect; precision/F1 undefined.,1,1.9955278397537768,2.0,0.0,0.0,0.0,0.0,0.0,0.0,0.0,1.9955278397537768,1.9955278397537768
gold_aspect,gold_aspect,Шкафчики,1,1,2,1,0,1,0,0,0,0,,,0.5,,,FP/UNCLEAR are not attributable to gold_aspect; precision/F1 undefined.,1,0.6434448268264532,1.0,0.0,1.0,1.0,1.0,0.3333333333333333,0.0,0.0,-0.6434448268264532,0.6434448268264532
gold_aspect,gold_aspect,Экипировка,0,0,1,0,0,1,0,0,0,0,,,0.0,,,FP/UNCLEAR are not attributable to gold_aspect; precision/F1 undefined.,0,,,,,,,,,,,
gold_aspect,gold_aspect,Экстерьер,0,0,1,0,0,1,0,0,0,0,,,0.0,,,FP/UNCLEAR are not attributable to gold_aspect; precision/F1 undefined.,0,,,,,,,,,,,
gold_aspect,gold_aspect,Эффективность,100,100,100,100,0,0,0,0,0,0,,,1.0,,,FP/UNCLEAR are not attributable to gold_aspect; precision/F1 undefined.,100,1.050852592789961,1.01,0.53,0.65,0.7,0.72,0.37335670464504817,0.19,0.15,-0.9374945287298033,1.6027754663053482
system_aspect,system_aspect,2ом этаже,13,35,0,13,18,0,4,0,0,0,0.37142857142857144,0.41935483870967744,,,,FN has no system_aspect label; recall/F1 undefined for this slice.,13,1.1986791770818503,1.1538461538461537,0.38461538461538464,0.46153846153846156,0.6153846153846154,0.6153846153846154,0.4382284382284382,0.23076923076923078,0.15384615384615385,-0.3697434836154011,1.5457797450612154
system_aspect,system_aspect,Ассортимент,13,46,0,13,9,0,18,6,0,0,0.325,0.5909090909090909,,,,FN has no system_aspect label; recall/F1 undefined for this slice.,13,1.0090000575319908,0.9230769230769231,0.46153846153846156,0.46153846153846156,0.6923076923076923,0.6153846153846154,0.253968253968254,0.07692307692307693,0.07692307692307693,-0.38212298947585693,1.3224000160506473
system_aspect,system_aspect,Атмосфера,10,17,0,10,3,0,3,1,0,0,0.625,0.7692307692307693,,,,FN has no system_aspect label; recall/F1 undefined for this slice.,10,0.39446986759976427,0.4,0.7,0.9,0.9,1.0,0.6666666666666666,0.0,0.0,-0.2084919705750508,0.6029533866296566
system_aspect,system_aspect,Безопасность,11,12,0,11,0,0,0,1,0,0,1.0,1.0,,,,FN has no system_aspect label; recall/F1 undefined for this slice.,11,1.4391935181113447,1.3636363636363635,0.36363636363636365,0.5454545454545454,0.6363636363636364,0.7272727272727273,0.425,0.18181818181818182,0.18181818181818182,-0.1730372937150109,1.9452139322739819
system_aspect,system_aspect,Бронирование,2,3,0,2,0,0,0,1,0,0,1.0,1.0,,,,FN has no system_aspect label; recall/F1 undefined for this slice.,2,1.6604414056055248,1.5,0.0,0.0,0.5,0.5,0.2222222222222222,0.5,0.0,1.6604414056055248,1.678091158904188
system_aspect,system_aspect,Ванная комната,9,14,0,9,1,0,4,0,0,0,0.6428571428571429,0.9,,,,FN has no system_aspect label; recall/F1 undefined for this slice.,9,1.7632506104289658,1.8888888888888888,0.2222222222222222,0.2222222222222222,0.3333333333333333,0.3333333333333333,0.26666666666666666,0.3333333333333333,0.3333333333333333,1.72563524166536,2.0515568474765056
system_aspect,system_aspect,Внешний вид,48,84,0,48,7,0,6,23,0,0,0.7868852459016393,0.8727272727272727,,,,FN has no system_aspect label; recall/F1 undefined for this slice.,48,0.9099639425876376,0.875,0.4583333333333333,0.6875,0.8125,0.7708333333333334,0.4463364293085655,0.16666666666666666,0.08333333333333333,-0.6546942966027322,1.309210584497896
system_aspect,system_aspect,Доставка,73,95,0,73,13,0,7,2,0,0,0.7849462365591398,0.8488372093023255,,,,FN has no system_aspect label; recall/F1 undefined for this slice.,73,0.9265434704738417,0.8904109589041096,0.4657534246575342,0.6712328767123288,0.7808219178082192,0.8356164383561644,0.4814495254529767,0.0958904109589041,0.0547945205479452,-0.5674808824466073,1.3099535187372853
system_aspect,system_aspect,Завтрак и питание,39,40,0,39,0,0,0,1,0,0,1.0,1.0,,,,FN has no system_aspect label; recall/F1 undefined for this slice.,39,0.7494385194614341,0.717948717948718,0.46153846153846156,0.7692307692307693,0.8205128205128205,0.6923076923076923,0.5114300903774588,0.05128205128205128,0.02564102564102564,0.07490218527602384,1.0242125524164902
system_aspect,system_aspect,Загруженность,47,67,0,47,2,0,6,12,0,0,0.8545454545454545,0.9591836734693877,,,,FN has no system_aspect label; recall/F1 undefined for this slice.,47,1.2063500139440604,1.2553191489361701,0.3829787234042553,0.5106382978723404,0.6170212765957447,0.6170212765957447,0.438034188034188,0.23404255319148937,0.19148936170212766,0.812521795064466,1.660178117402413
system_aspect,system_aspect,Запах,35,49,0,35,1,0,13,0,0,0,0.7142857142857143,0.9722222222222222,,,,FN has no system_aspect label; recall/F1 undefined for this slice.,35,0.630221604351183,0.5714285714285714,0.6571428571428571,0.8,0.8571428571428571,0.8,0.45146520146520147,0.17142857142857143,0.08571428571428572,-0.27548992514857673,1.16229357319283
system_aspect,system_aspect,Запись на услугу,0,1,0,0,0,0,1,0,0,0,0.0,0.0,,,,FN has no system_aspect label; recall/F1 undefined for this slice.,0,,,,,,,,,,,
system_aspect,system_aspect,Заселение и выезд,7,9,0,7,0,0,0,2,0,0,1.0,1.0,,,,FN has no system_aspect label; recall/F1 undefined for this slice.,7,1.1647334584600426,1.0,0.5714285714285714,0.5714285714285714,0.5714285714285714,0.5714285714285714,0.35555555555555546,0.42857142857142855,0.14285714285714285,0.44738084917688475,1.6509785419096437
system_aspect,system_aspect,Инструкция,20,33,0,20,3,0,10,0,0,0,0.6060606060606061,0.8695652173913043,,,,FN has no system_aspect label; recall/F1 undefined for this slice.,20,0.7810931147272641,0.75,0.4,0.7,0.85,0.9,0.3157894736842105,0.05,0.0,-0.5548545834804827,1.0232721039191737
system_aspect,system_aspect,Информирование и коммуникация,3,5,0,3,0,0,0,2,0,0,1.0,1.0,,,,FN has no system_aspect label; recall/F1 undefined for this slice.,3,0.6357699876049688,0.3333333333333333,0.6666666666666666,0.6666666666666666,1.0,0.6666666666666666,0.3333333333333333,0.0,0.0,0.12330277437771049,0.7291439880955086
system_aspect,system_aspect,Инфраструктура,1,3,0,1,1,0,0,1,0,0,0.5,0.5,,,,FN has no system_aspect label; recall/F1 undefined for this slice.,1,0.9961464919470018,1.0,0.0,1.0,1.0,1.0,0.3333333333333333,0.0,0.0,0.9961464919470018,0.9961464919470018
system_aspect,system_aspect,Калорийность и сытость,1,3,0,1,0,0,1,1,0,0,0.5,1.0,,,,FN has no system_aspect label; recall/F1 undefined for this slice.,1,0.7429557293653488,1.0,0.0,1.0,1.0,1.0,0.3333333333333333,0.0,0.0,-0.7429557293653488,0.7429557293653488
system_aspect,system_aspect,Качество,161,194,0,161,9,0,12,12,0,0,0.8846153846153846,0.9470588235294117,,,,FN has no system_aspect label; recall/F1 undefined for this slice.,161,0.6778215850729268,0.6459627329192547,0.577639751552795,0.8074534161490683,0.8695652173913043,0.8385093167701864,0.5783170667370087,0.07453416149068323,0.055900621118012424,-0.01872329690476651,1.1058008684035017
system_aspect,system_aspect,Компетентность,1,2,0,1,0,0,0,1,0,0,1.0,1.0,,,,FN has no system_aspect label; recall/F1 undefined for this slice.,1,1.3403801595559344,1.0,0.0,0.0,1.0,1.0,0.3333333333333333,0.0,0.0,-1.3403801595559344,1.3403801595559344
system_aspect,system_aspect,Крепления и соединения,4,6,0,4,0,0,0,2,0,0,1.0,1.0,,,,FN has no system_aspect label; recall/F1 undefined for this slice.,4,1.6302042969327886,1.5,0.5,0.5,0.5,0.5,0.3333333333333333,0.5,0.25,1.6302042969327886,2.245070347951398
system_aspect,system_aspect,Кровать и сон,8,16,0,8,1,0,6,1,0,0,0.5333333333333333,0.8888888888888888,,,,FN has no system_aspect label; recall/F1 undefined for this slice.,8,1.2980925031006336,1.25,0.25,0.5,0.75,0.375,0.1818181818181818,0.375,0.25,1.221068486571312,1.7498986033976769
system_aspect,system_aspect,Материал,40,66,0,40,2,0,6,18,0,0,0.8333333333333334,0.9523809523809523,,,,FN has no system_aspect label; recall/F1 undefined for this slice.,40,0.5896009390636209,0.525,0.55,0.825,0.925,0.825,0.5497076023391813,0.075,0.025,-0.0523815452069357,0.8097862285684041
system_aspect,system_aspect,Надёжность,0,1,0,0,0,0,0,1,0,0,0.0,0.0,,,,FN has no system_aspect label; recall/F1 undefined for this slice.,0,,,,,,,,,,,
system_aspect,system_aspect,Номер,22,51,0,22,1,0,27,1,0,0,0.44,0.9565217391304348,,,,FN has no system_aspect label; recall/F1 undefined for this slice.,22,1.3000294726341302,1.3181818181818181,0.22727272727272727,0.45454545454545453,0.5909090909090909,0.4090909090909091,0.28086419753086417,0.18181818181818182,0.13636363636363635,0.7437795931860323,1.593704186913745
system_aspect,system_aspect,Норма кормления,0,4,0,0,1,0,3,0,0,0,0.0,0.0,,,,FN has no system_aspect label; recall/F1 undefined for this slice.,0,,,,,,,,,,,
system_aspect,system_aspect,Обслуживание,100,134,0,100,7,0,10,17,0,0,0.8547008547008547,0.9345794392523364,,,,FN has no system_aspect label; recall/F1 undefined for this slice.,100,0.7357503260039084,0.67,0.64,0.71,0.8,0.83,0.5587417448731317,0.1,0.08,-0.08926725386671024,1.2121096794585564
system_aspect,system_aspect,Общее впечатление,2,26,0,2,5,0,18,1,0,0,0.08,0.2857142857142857,,,,FN has no system_aspect label; recall/F1 undefined for this slice.,2,0.3681272591347806,0.5,0.5,1.0,1.0,1.0,0.6666666666666666,0.0,0.0,-0.19783536467002705,0.4179192630547299
system_aspect,system_aspect,Ожидание,18,53,0,18,4,0,10,21,0,0,0.5625,0.8181818181818182,,,,FN has no system_aspect label; recall/F1 undefined for this slice.,18,0.7439524094451271,0.7222222222222222,0.3888888888888889,0.8333333333333334,0.8888888888888888,0.8888888888888888,0.6074561403508772,0.05555555555555555,0.0,-0.3506023975431971,0.9161072282501871
system_aspect,system_aspect,Оплата и расчёты,4,7,0,4,1,0,0,2,0,0,0.8,0.8,,,,FN has no system_aspect label; recall/F1 undefined for this slice.,4,0.7219341643176449,0.75,0.5,0.75,0.75,1.0,0.6666666666666666,0.0,0.0,0.0868758574979438,0.9507522243489274
system_aspect,system_aspect,Отмена и возврат,2,2,0,2,0,0,0,0,0,0,1.0,1.0,,,,FN has no system_aspect label; recall/F1 undefined for this slice.,2,1.782625587482471,2.0,0.5,0.5,0.5,0.5,0.2222222222222222,0.5,0.5,-1.7260909287142567,2.4813592805832996
system_aspect,system_aspect,Парковка,5,6,0,5,0,0,1,0,0,0,0.8333333333333334,1.0,,,,FN has no system_aspect label; recall/F1 undefined for this slice.,5,1.4593682047561742,1.6,0.0,0.4,0.6,0.4,0.2222222222222222,0.4,0.0,0.06242417945759371,1.6058255126752092
system_aspect,system_aspect,Питательная ценность,1,1,0,1,0,0,0,0,0,0,1.0,1.0,,,,FN has no system_aspect label; recall/F1 undefined for this slice.,1,0.29998417804017663,0.0,1.0,1.0,1.0,1.0,0.3333333333333333,0.0,0.0,-0.29998417804017663,0.29998417804017663
system_aspect,system_aspect,Поддержка и сопровождение,22,22,0,22,0,0,0,0,0,0,1.0,1.0,,,,FN has no system_aspect label; recall/F1 undefined for this slice.,22,1.155684259755038,1.1818181818181819,0.36363636363636365,0.5,0.5454545454545454,0.5454545454545454,0.38888888888888884,0.18181818181818182,0.13636363636363635,1.0283024383592088,1.5008873410840977
system_aspect,system_aspect,Поедаемость,2,2,0,2,0,0,0,0,0,0,1.0,1.0,,,,FN has no system_aspect label; recall/F1 undefined for this slice.,2,0.40999576442845864,0.5,0.5,1.0,1.0,1.0,0.3333333333333333,0.0,0.0,-0.40999576442845864,0.4762610616026227
system_aspect,system_aspect,Размер,65,122,0,65,20,0,21,16,0,0,0.6132075471698113,0.7647058823529411,,,,FN has no system_aspect label; recall/F1 undefined for this slice.,65,0.8314956033965035,0.7846153846153846,0.49230769230769234,0.6615384615384615,0.7384615384615385,0.7230769230769231,0.5968013468013468,0.06153846153846154,0.046153846153846156,0.4299850431633576,1.1345841394734026
system_aspect,system_aspect,Расположение,22,46,0,22,15,0,3,6,0,0,0.55,0.5945945945945946,,,,FN has no system_aspect label; recall/F1 undefined for this slice.,22,0.34845360680595727,0.2727272727272727,0.7272727272727273,0.9545454545454546,1.0,0.9545454545454546,0.6585365853658537,0.0,0.0,-0.09102061186323143,0.5419367975010887
system_aspect,system_aspect,Рекомендация,1,6,0,1,1,0,4,0,0,0,0.16666666666666666,0.5,,,,FN has no system_aspect label; recall/F1 undefined for this slice.,1,1.9684672970324755,2.0,0.0,0.0,0.0,0.0,0.0,0.0,0.0,-1.9684672970324755,1.9684672970324755
system_aspect,system_aspect,Решение проблемы,0,1,0,0,0,0,0,1,0,0,0.0,0.0,,,,FN has no system_aspect label; recall/F1 undefined for this slice.,0,,,,,,,,,,,
system_aspect,system_aspect,Сборка и установка,0,11,0,0,4,0,0,7,0,0,0.0,0.0,,,,FN has no system_aspect label; recall/F1 undefined for this slice.,0,,,,,,,,,,,
system_aspect,system_aspect,Скорость,2,2,0,2,0,0,0,0,0,0,1.0,1.0,,,,FN has no system_aspect label; recall/F1 undefined for this slice.,2,0.6119206903968006,0.5,0.5,1.0,1.0,1.0,0.3333333333333333,0.0,0.0,-0.21728395181708038,0.6493529449020343
system_aspect,system_aspect,Соответствие,1,1,0,1,0,0,0,0,0,0,1.0,1.0,,,,FN has no system_aspect label; recall/F1 undefined for this slice.,1,0.5555908101378009,1.0,0.0,1.0,1.0,1.0,0.3333333333333333,0.0,0.0,-0.5555908101378009,0.5555908101378009
system_aspect,system_aspect,Соответствие ожиданиям,1,51,0,1,32,0,5,13,0,0,0.02631578947368421,0.030303030303030304,,,,FN has no system_aspect label; recall/F1 undefined for this slice.,1,2.3048177142627537,2.0,0.0,0.0,0.0,0.0,0.0,1.0,1.0,2.3048177142627537,2.3048177142627537
system_aspect,system_aspect,Соотношение цена-качество,3,8,0,3,0,0,1,4,0,0,0.75,1.0,,,,FN has no system_aspect label; recall/F1 undefined for this slice.,3,0.2890369697464242,0.3333333333333333,0.6666666666666666,1.0,1.0,1.0,0.3333333333333333,0.0,0.0,-0.2890369697464242,0.35703098878353956
system_aspect,system_aspect,Температура,7,16,0,7,0,0,6,3,0,0,0.5384615384615384,1.0,,,,FN has no system_aspect label; recall/F1 undefined for this slice.,7,0.8356644433307727,0.7142857142857143,0.7142857142857143,0.7142857142857143,0.8571428571428571,0.8571428571428571,0.5252525252525252,0.14285714285714285,0.14285714285714285,-0.8294759255617724,1.5363974643496847
system_aspect,system_aspect,Удобство,5,8,0,5,0,0,3,0,0,0,0.625,1.0,,,,FN has no system_aspect label; recall/F1 undefined for this slice.,5,1.2688150640111417,1.0,0.2,0.2,0.8,0.6,0.2857142857142857,0.2,0.0,0.13146252972073852,1.4381448971234683
system_aspect,system_aspect,Упаковка,121,140,0,121,12,0,7,0,0,0,0.8642857142857143,0.9097744360902256,,,,FN has no system_aspect label; recall/F1 undefined for this slice.,121,0.8244155310610288,0.7933884297520661,0.5041322314049587,0.6859504132231405,0.768595041322314,0.7520661157024794,0.5295288652952886,0.10743801652892562,0.0743801652892562,0.12293532836945605,1.2045204644798715
system_aspect,system_aspect,Усвояемость и переносимость,3,4,0,3,1,0,0,0,0,0,0.75,0.75,,,,FN has no system_aspect label; recall/F1 undefined for this slice.,3,0.23495495436751904,0.3333333333333333,0.6666666666666666,1.0,1.0,1.0,0.3333333333333333,0.0,0.0,-0.23495495436751904,0.31896737836927375
system_aspect,system_aspect,Функционал,7,27,0,7,16,0,1,3,0,0,0.2916666666666667,0.30434782608695654,,,,FN has no system_aspect label; recall/F1 undefined for this slice.,7,0.5365855264036716,0.5714285714285714,0.7142857142857143,0.8571428571428571,0.8571428571428571,0.8571428571428571,0.5252525252525252,0.14285714285714285,0.14285714285714285,-0.5297551777704419,1.0540941432854651
system_aspect,system_aspect,Цвет,19,79,0,19,3,0,7,50,0,0,0.6551724137931034,0.8636363636363636,,,,FN has no system_aspect label; recall/F1 undefined for this slice.,19,0.6320658980219281,0.5789473684210527,0.47368421052631576,0.7368421052631579,0.9473684210526315,0.9473684210526315,0.6533333333333333,0.0,0.0,-0.02438219011559053,0.8218357956422981
system_aspect,system_aspect,Цена,123,153,0,123,8,0,11,11,0,0,0.8661971830985915,0.9389312977099237,,,,FN has no system_aspect label; recall/F1 undefined for this slice.,123,1.3334872049843367,1.3008130081300813,0.35772357723577236,0.5528455284552846,0.6341463414634146,0.5853658536585366,0.4406289589388181,0.3170731707317073,0.22764227642276422,0.007601812208233197,1.805079386248506
system_aspect,system_aspect,Чистота,20,35,0,20,3,0,5,7,0,0,0.7142857142857143,0.8695652173913043,,,,FN has no system_aspect label; recall/F1 undefined for this slice.,20,1.0733376425208008,1.05,0.55,0.6,0.65,0.6,0.4508547008547008,0.2,0.2,0.6854919598507877,1.6948300930247688
system_aspect,system_aspect,бассейн,87,139,0,87,44,0,7,1,0,0,0.6304347826086957,0.6641221374045801,,,,FN has no system_aspect label; recall/F1 undefined for this slice.,87,1.0834943566734527,1.0689655172413792,0.367816091954023,0.5977011494252874,0.7241379310344828,0.6666666666666666,0.4756925803785226,0.16091954022988506,0.09195402298850575,-0.5078829365886394,1.4882410517906783
system_aspect,system_aspect,белый бисер,65,127,0,65,35,0,3,24,0,0,0.6310679611650486,0.65,,,,FN has no system_aspect label; recall/F1 undefined for this slice.,65,1.320546048432264,1.3384615384615384,0.26153846153846155,0.36923076923076925,0.47692307692307695,0.5076923076923077,0.37938596491228066,0.06153846153846154,0.03076923076923077,-0.5878967755244118,1.5885901802863653
system_aspect,system_aspect,благодарю эксмо,0,19,0,0,19,0,0,0,0,0,0.0,0.0,,,,FN has no system_aspect label; recall/F1 undefined for this slice.,0,,,,,,,,,,,
system_aspect,system_aspect,близость,9,42,0,9,32,0,0,1,0,0,0.21951219512195122,0.21951219512195122,,,,FN has no system_aspect label; recall/F1 undefined for this slice.,9,1.2480796762392856,1.3333333333333333,0.5555555555555556,0.6666666666666666,0.6666666666666666,0.6666666666666666,0.26666666666666666,0.3333333333333333,0.3333333333333333,1.0626977538470075,2.0219061399238702
system_aspect,system_aspect,боксы кофе,13,26,0,13,8,0,1,4,0,0,0.5909090909090909,0.6190476190476191,,,,FN has no system_aspect label; recall/F1 undefined for this slice.,13,0.9740884513347947,0.9230769230769231,0.46153846153846156,0.5384615384615384,0.6153846153846154,0.6923076923076923,0.5230769230769231,0.07692307692307693,0.0,-0.49688998127777056,1.282893441393994
system_aspect,system_aspect,вентиляция,24,51,0,24,20,0,2,5,0,0,0.5217391304347826,0.5454545454545454,,,,FN has no system_aspect label; recall/F1 undefined for this slice.,24,0.884438921647264,0.75,0.4583333333333333,0.4583333333333333,0.7916666666666666,0.75,0.6486671223513328,0.041666666666666664,0.0,-0.5741922834827164,1.1754000468992907
system_aspect,system_aspect,верх,16,38,0,16,14,0,0,8,0,0,0.5333333333333333,0.5333333333333333,,,,FN has no system_aspect label; recall/F1 undefined for this slice.,16,0.9097713989422118,0.875,0.375,0.6875,0.8125,0.625,0.36904761904761907,0.1875,0.0,-0.12622620606725832,1.1757477119421642
system_aspect,system_aspect,вес,25,59,0,25,25,0,0,9,0,0,0.5,0.5,,,,FN has no system_aspect label; recall/F1 undefined for this slice.,25,0.7755224518108298,0.76,0.52,0.76,0.76,0.76,0.41904761904761906,0.12,0.04,0.3672192803354119,1.10712395097024
system_aspect,system_aspect,виден результат,31,34,0,31,2,0,0,1,0,0,0.9393939393939394,0.9393939393939394,,,,FN has no system_aspect label; recall/F1 undefined for this slice.,31,1.3800215384075156,1.3548387096774193,0.45161290322580644,0.5161290322580645,0.5483870967741935,0.6451612903225806,0.26143790849673204,0.25806451612903225,0.1935483870967742,-1.2086095832191566,1.8913176769344724
system_aspect,system_aspect,вкус при,36,56,0,36,14,0,0,6,0,0,0.72,0.72,,,,FN has no system_aspect label; recall/F1 undefined for this slice.,36,0.9071505769879877,0.8333333333333334,0.5,0.6111111111111112,0.75,0.75,0.6285714285714286,0.1111111111111111,0.08333333333333333,-0.8472885373778101,1.2924950380159386
system_aspect,system_aspect,восторге,0,42,0,0,42,0,0,0,0,0,0.0,0.0,,,,FN has no system_aspect label; recall/F1 undefined for this slice.,0,,,,,,,,,,,
system_aspect,system_aspect,гречка,43,94,0,43,19,0,0,32,0,0,0.6935483870967742,0.6935483870967742,,,,FN has no system_aspect label; recall/F1 undefined for this slice.,43,0.8786624700455726,0.8604651162790697,0.4418604651162791,0.6744186046511628,0.7906976744186046,0.7674418604651163,0.6180033416875522,0.09302325581395349,0.09302325581395349,-0.6213821196504923,1.2604442982709783
system_aspect,system_aspect,дверные откосы,1,49,0,1,48,0,0,0,0,0,0.02040816326530612,0.02040816326530612,,,,FN has no system_aspect label; recall/F1 undefined for this slice.,1,1.5162383392453194,2.0,0.0,0.0,0.0,1.0,0.3333333333333333,0.0,0.0,-1.5162383392453194,1.5162383392453194
system_aspect,system_aspect,дворцам-вокзалам,15,26,0,15,6,0,1,4,0,0,0.6818181818181818,0.7142857142857143,,,,FN has no system_aspect label; recall/F1 undefined for this slice.,15,1.127788074040048,1.1333333333333333,0.26666666666666666,0.6666666666666666,0.7333333333333333,0.6666666666666666,0.4148148148148149,0.26666666666666666,0.13333333333333333,-0.36117456020535127,1.5251601375714512
system_aspect,system_aspect,дефект,7,42,0,7,16,0,0,19,0,0,0.30434782608695654,0.30434782608695654,,,,FN has no system_aspect label; recall/F1 undefined for this slice.,7,1.165400741422283,1.1428571428571428,0.2857142857142857,0.5714285714285714,0.8571428571428571,0.5714285714285714,0.5793650793650794,0.2857142857142857,0.14285714285714285,-0.6794405610832784,1.6287989962321903
system_aspect,system_aspect,диваном,9,24,0,9,14,0,1,0,0,0,0.375,0.391304347826087,,,,FN has no system_aspect label; recall/F1 undefined for this slice.,9,1.3472321595375736,1.4444444444444444,0.0,0.4444444444444444,0.5555555555555556,0.4444444444444444,0.2222222222222222,0.2222222222222222,0.1111111111111111,-0.057012559949523874,1.494336822270023
system_aspect,system_aspect,зажигалка,131,161,0,131,18,0,9,3,0,0,0.8291139240506329,0.8791946308724832,,,,FN has no system_aspect label; recall/F1 undefined for this slice.,131,0.8684793511023572,0.8625954198473282,0.3816793893129771,0.7175572519083969,0.816793893129771,0.7709923664122137,0.580542264752791,0.07633587786259542,0.04580152671755725,0.0902349075185511,1.1868266007957435
system_aspect,system_aspect,зоне прибытия,10,40,0,10,22,0,3,5,0,0,0.2857142857142857,0.3125,,,,FN has no system_aspect label; recall/F1 undefined for this slice.,10,0.7538347631132638,0.8,0.5,0.6,0.8,0.7,0.4924242424242424,0.2,0.1,0.5972707800094212,1.1544231400534324
system_aspect,system_aspect,зоо магазинах,3,17,0,3,7,0,6,1,0,0,0.1875,0.3,,,,FN has no system_aspect label; recall/F1 undefined for this slice.,3,1.0105619086340691,0.6666666666666666,0.3333333333333333,0.3333333333333333,1.0,1.0,0.3333333333333333,0.0,0.0,-1.0105619086340691,1.1292656344377507
system_aspect,system_aspect,идеальном состоянии,18,33,0,18,11,0,0,4,0,0,0.6206896551724138,0.6206896551724138,,,,FN has no system_aspect label; recall/F1 undefined for this slice.,18,0.9771375802576787,0.8888888888888888,0.3888888888888889,0.5555555555555556,0.8333333333333334,0.8888888888888888,0.5347222222222222,0.05555555555555555,0.05555555555555555,-0.9280612662769272,1.3051349299118629
system_aspect,system_aspect,изьян,30,92,0,30,43,0,4,15,0,0,0.38961038961038963,0.410958904109589,,,,FN has no system_aspect label; recall/F1 undefined for this slice.,30,1.0613269496392603,1.0,0.4,0.4666666666666667,0.6,0.5333333333333333,0.3194444444444444,0.0,0.0,-0.008213311419846528,1.3385182915596927
system_aspect,system_aspect,карты,56,100,0,56,36,0,0,8,0,0,0.6086956521739131,0.6086956521739131,,,,FN has no system_aspect label; recall/F1 undefined for this slice.,56,0.5841085541964536,0.5357142857142857,0.5892857142857143,0.8214285714285714,0.9107142857142857,0.9107142857142857,0.6563573883161512,0.03571428571428571,0.017857142857142856,-0.3217269293445497,0.8985320092071848
system_aspect,system_aspect,книга прекрасная,20,48,0,20,10,0,12,6,0,0,0.47619047619047616,0.6666666666666666,,,,FN has no system_aspect label; recall/F1 undefined for this slice.,20,0.45328269179372,0.35,0.8,0.9,0.9,0.9,0.5370370370370371,0.05,0.0,-0.41149227119822174,0.8423847172023216
system_aspect,system_aspect,колечке,14,27,0,14,8,0,4,1,0,0,0.5384615384615384,0.6363636363636364,,,,FN has no system_aspect label; recall/F1 undefined for this slice.,14,1.3858636724409215,1.5,0.21428571428571427,0.5714285714285714,0.7142857142857143,0.7857142857142857,0.5169340463458111,0.21428571428571427,0.21428571428571427,0.36408238804558224,1.9624699748357606
system_aspect,system_aspect,компания,71,98,0,71,7,0,13,7,0,0,0.7802197802197802,0.9102564102564102,,,,FN has no system_aspect label; recall/F1 undefined for this slice.,71,0.9569688921636581,0.9295774647887324,0.352112676056338,0.5070422535211268,0.7464788732394366,0.8028169014084507,0.6205286973088832,0.04225352112676056,0.014084507042253521,-0.5531605577130059,1.1869681032028578
system_aspect,system_aspect,комплект,6,15,0,6,6,0,1,2,0,0,0.46153846153846156,0.5,,,,FN has no system_aspect label; recall/F1 undefined for this slice.,6,1.0235925198261004,1.0,0.5,0.6666666666666666,0.6666666666666666,0.8333333333333334,0.5523809523809523,0.16666666666666666,0.16666666666666666,-0.0998809741771159,1.5631151750276255
system_aspect,system_aspect,кот,94,99,0,94,2,0,3,0,0,0,0.9494949494949495,0.9791666666666666,,,,FN has no system_aspect label; recall/F1 undefined for this slice.,94,0.7881894895719906,0.6914893617021277,0.5106382978723404,0.7021276595744681,0.8404255319148937,0.8297872340425532,0.46787148594377514,0.06382978723404255,0.02127659574468085,-0.7606916405485653,1.12417636012972
system_aspect,system_aspect,кошмар,4,56,0,4,42,0,1,9,0,0,0.0851063829787234,0.08695652173913043,,,,FN has no system_aspect label; recall/F1 undefined for this slice.,4,1.6160783707164228,1.5,0.25,0.25,0.25,0.25,0.13333333333333333,0.25,0.0,0.40209612576290965,1.820224363861029
system_aspect,system_aspect,кошмар грязище,15,40,0,15,18,0,2,5,0,0,0.42857142857142855,0.45454545454545453,,,,FN has no system_aspect label; recall/F1 undefined for this slice.,15,0.5353758166345263,0.5333333333333333,0.6,0.8,0.9333333333333333,0.9333333333333333,0.3218390804597701,0.06666666666666667,0.0,0.05723565110189763,0.9273932530041217
system_aspect,system_aspect,крой,20,50,0,20,20,0,1,9,0,0,0.4878048780487805,0.5,,,,FN has no system_aspect label; recall/F1 undefined for this slice.,20,0.7349635598373425,0.6,0.5,0.6,0.9,0.85,0.5994397759103641,0.05,0.0,-0.3970102385552309,0.9554388063110033
system_aspect,system_aspect,леска,127,160,0,127,21,0,7,5,0,0,0.8193548387096774,0.8581081081081081,,,,FN has no system_aspect label; recall/F1 undefined for this slice.,127,1.1072520733155322,1.0551181102362204,0.4409448818897638,0.5669291338582677,0.6535433070866141,0.6929133858267716,0.4952388701055283,0.1732283464566929,0.10236220472440945,-0.1882174953161308,1.5248962767669234
system_aspect,system_aspect,листы,36,63,0,36,15,0,2,10,0,0,0.6792452830188679,0.7058823529411765,,,,FN has no system_aspect label; recall/F1 undefined for this slice.,36,0.8339738795471526,0.8888888888888888,0.2777777777777778,0.6944444444444444,0.8611111111111112,0.6944444444444444,0.47160493827160493,0.08333333333333333,0.027777777777777776,-0.49215730227903504,1.0388095861047286
system_aspect,system_aspect,литературы,3,23,0,3,14,0,5,1,0,0,0.13636363636363635,0.17647058823529413,,,,FN has no system_aspect label; recall/F1 undefined for this slice.,3,0.5341305137577971,0.3333333333333333,0.6666666666666666,0.6666666666666666,1.0,0.6666666666666666,0.26666666666666666,0.3333333333333333,0.0,0.4582198012964606,0.8607166471548491
system_aspect,system_aspect,ловушки гели,10,61,0,10,47,0,0,4,0,0,0.17543859649122806,0.17543859649122806,,,,FN has no system_aspect label; recall/F1 undefined for this slice.,10,1.9009761090273969,1.9,0.1,0.2,0.2,0.2,0.1574074074074074,0.2,0.2,-1.7422031213412992,2.1206416951855998
system_aspect,system_aspect,магазины кафе,14,31,0,14,9,0,3,5,0,0,0.5384615384615384,0.6086956521739131,,,,FN has no system_aspect label; recall/F1 undefined for this slice.,14,1.3832857710055708,1.3571428571428572,0.21428571428571427,0.2857142857142857,0.6428571428571429,0.5,0.39627039627039623,0.21428571428571427,0.07142857142857142,-0.5658593130501686,1.7326862855955052
system_aspect,system_aspect,маркировки,11,63,0,11,30,0,11,11,0,0,0.21153846153846154,0.2682926829268293,,,,FN has no system_aspect label; recall/F1 undefined for this slice.,11,0.8690263707533383,0.9090909090909091,0.36363636363636365,0.7272727272727273,0.7272727272727273,0.7272727272727273,0.5299145299145299,0.0,0.0,-0.31912477449474286,1.1392207340847214
system_aspect,system_aspect,маршрутка,27,51,0,27,19,0,2,3,0,0,0.5625,0.5869565217391305,,,,FN has no system_aspect label; recall/F1 undefined for this slice.,27,1.372668410300523,1.4074074074074074,0.3333333333333333,0.4074074074074074,0.4444444444444444,0.5555555555555556,0.41391304347826097,0.2222222222222222,0.07407407407407407,-0.7815919476329496,1.737989825435173
system_aspect,system_aspect,мероприятие,0,27,0,0,24,0,2,1,0,0,0.0,0.0,,,,FN has no system_aspect label; recall/F1 undefined for this slice.,0,,,,,,,,,,,
system_aspect,system_aspect,минут,7,40,0,7,23,0,3,7,0,0,0.21212121212121213,0.23333333333333334,,,,FN has no system_aspect label; recall/F1 undefined for this slice.,7,0.4634590596558285,0.42857142857142855,0.7142857142857143,0.8571428571428571,0.8571428571428571,0.8571428571428571,0.30769230769230765,0.14285714285714285,0.0,-0.3113273764761938,0.7916875930131482
system_aspect,system_aspect,моло мест,19,41,0,19,13,0,2,7,0,0,0.5588235294117647,0.59375,,,,FN has no system_aspect label; recall/F1 undefined for this slice.,19,0.713432413137573,0.7368421052631579,0.42105263157894735,0.7368421052631579,0.8421052631578947,0.7894736842105263,0.525925925925926,0.21052631578947367,0.10526315789473684,0.2682746998072712,1.0084307236263907
system_aspect,system_aspect,момента при,0,38,0,0,34,0,0,4,0,0,0.0,0.0,,,,FN has no system_aspect label; recall/F1 undefined for this slice.,0,,,,,,,,,,,
system_aspect,system_aspect,мощный эффект,15,31,0,15,2,0,0,14,0,0,0.8823529411764706,0.8823529411764706,,,,FN has no system_aspect label; recall/F1 undefined for this slice.,15,0.9872078541937905,0.9333333333333333,0.5333333333333333,0.6666666666666666,0.8,0.7333333333333333,0.4666666666666666,0.26666666666666666,0.13333333333333333,-0.9384801426708388,1.5978961900444975
system_aspect,system_aspect,небольшой аэропорт,22,71,0,22,40,0,3,6,0,0,0.3384615384615385,0.3548387096774194,,,,FN has no system_aspect label; recall/F1 undefined for this slice.,22,1.3130323143519822,1.3636363636363635,0.2727272727272727,0.4090909090909091,0.5454545454545454,0.6363636363636364,0.25925925925925924,0.13636363636363635,0.09090909090909091,-1.0465764674498297,1.669900334726724
system_aspect,system_aspect,небольшой зал,18,49,0,18,8,0,1,22,0,0,0.6666666666666666,0.6923076923076923,,,,FN has no system_aspect label; recall/F1 undefined for this slice.,18,1.3127790971937228,1.3333333333333333,0.2222222222222222,0.5,0.6666666666666666,0.6111111111111112,0.4360902255639097,0.2222222222222222,0.1111111111111111,-0.3838048116077617,1.7209643057162514
system_aspect,system_aspect,недоверие,2,39,0,2,36,0,1,0,0,0,0.05128205128205128,0.05263157894736842,,,,FN has no system_aspect label; recall/F1 undefined for this slice.,2,2.5781096136197448,2.5,0.0,0.0,0.5,0.0,0.0,0.5,0.5,-2.5781096136197448,2.821775437845176
system_aspect,system_aspect,норм профи,37,71,0,37,13,0,4,17,0,0,0.6851851851851852,0.74,,,,FN has no system_aspect label; recall/F1 undefined for this slice.,37,1.583982845602362,1.4864864864864864,0.1891891891891892,0.2972972972972973,0.5945945945945946,0.5945945945945946,0.46222222222222226,0.2972972972972973,0.16216216216216217,-1.0637258358977772,1.9109907092996838
system_aspect,system_aspect,обещаниями,9,51,0,9,40,0,0,2,0,0,0.1836734693877551,0.1836734693877551,,,,FN has no system_aspect label; recall/F1 undefined for this slice.,9,0.929959494112053,0.7777777777777778,0.4444444444444444,0.5555555555555556,0.7777777777777778,0.7777777777777778,0.5462962962962963,0.1111111111111111,0.1111111111111111,-0.0031039858044500258,1.2330080884823893
system_aspect,system_aspect,обман покупателя,2,31,0,2,12,0,15,2,0,0,0.06896551724137931,0.14285714285714285,,,,FN has no system_aspect label; recall/F1 undefined for this slice.,2,0.9634226692141965,1.0,0.0,0.5,1.0,0.5,0.2222222222222222,0.0,0.0,0.9634226692141965,0.9859435616095621
system_aspect,system_aspect,обновлению,9,69,0,9,53,0,3,4,0,0,0.13846153846153847,0.14516129032258066,,,,FN has no system_aspect label; recall/F1 undefined for this slice.,9,1.4274595740846254,1.4444444444444444,0.2222222222222222,0.5555555555555556,0.5555555555555556,0.4444444444444444,0.3148148148148148,0.4444444444444444,0.2222222222222222,1.2115483454609703,1.7139336987561855
system_aspect,system_aspect,обхват,5,35,0,5,14,0,1,15,0,0,0.25,0.2631578947368421,,,,FN has no system_aspect label; recall/F1 undefined for this slice.,5,1.4069078421220182,1.6,0.0,0.6,0.6,0.6,0.24999999999999997,0.4,0.2,0.4918928975239396,1.6242597932991372
system_aspect,system_aspect,обычным распылителем,2,26,0,2,21,0,1,2,0,0,0.08333333333333333,0.08695652173913043,,,,FN has no system_aspect label; recall/F1 undefined for this slice.,2,1.1589257754385471,1.0,0.5,0.5,0.5,0.5,0.2222222222222222,0.5,0.0,-1.1589257754385471,1.3414088133471116
system_aspect,system_aspect,оверсайз,29,73,0,29,32,0,5,7,0,0,0.4393939393939394,0.47540983606557374,,,,FN has no system_aspect label; recall/F1 undefined for this slice.,29,1.7991966361697795,1.8275862068965518,0.10344827586206896,0.13793103448275862,0.2413793103448276,0.3103448275862069,0.2916666666666667,0.20689655172413793,0.13793103448275862,-1.5633240584665429,1.991596004220633
system_aspect,system_aspect,одной обработки,16,69,0,16,33,0,4,16,0,0,0.3018867924528302,0.32653061224489793,,,,FN has no system_aspect label; recall/F1 undefined for this slice.,16,0.6893433319146425,0.6875,0.6875,0.75,0.75,0.8125,0.5185185185185185,0.0625,0.0625,-0.6694333691357315,1.258684696484478
system_aspect,system_aspect,окна,28,58,0,28,25,0,0,5,0,0,0.5283018867924528,0.5283018867924528,,,,FN has no system_aspect label; recall/F1 undefined for this slice.,28,1.3113632983347219,1.3571428571428572,0.17857142857142858,0.42857142857142855,0.6071428571428571,0.6428571428571429,0.46438746438746437,0.10714285714285714,0.07142857142857142,-0.9641681198564973,1.614805180667334
system_aspect,system_aspect,пит закрытии,6,18,0,6,8,0,0,4,0,0,0.42857142857142855,0.42857142857142855,,,,FN has no system_aspect label; recall/F1 undefined for this slice.,6,0.7214328000942866,0.8333333333333334,0.3333333333333333,0.6666666666666666,0.8333333333333334,0.8333333333333334,0.30303030303030304,0.0,0.0,-0.21453863506515822,0.859048968989209
system_aspect,system_aspect,плечи,29,78,0,29,13,0,8,28,0,0,0.58,0.6904761904761905,,,,FN has no system_aspect label; recall/F1 undefined for this slice.,29,0.9154286665710468,0.8620689655172413,0.4482758620689655,0.6206896551724138,0.7586206896551724,0.7241379310344828,0.48846153846153845,0.10344827586206896,0.06896551724137931,-0.4957205820020794,1.293580035276181
system_aspect,system_aspect,поезда,80,90,0,80,8,0,1,1,0,0,0.898876404494382,0.9090909090909091,,,,FN has no system_aspect label; recall/F1 undefined for this slice.,80,1.1927731549351392,1.2125,0.3,0.525,0.6125,0.6,0.4507042253521127,0.175,0.1,-0.48115533312352454,1.5175644699557038
system_aspect,system_aspect,помещении,2,28,0,2,24,0,0,2,0,0,0.07692307692307693,0.07692307692307693,,,,FN has no system_aspect label; recall/F1 undefined for this slice.,2,1.0486084178555757,1.0,0.0,0.5,1.0,1.0,0.6666666666666666,0.0,0.0,-1.0486084178555757,1.0547155235197743
system_aspect,system_aspect,постояльцев,3,24,0,3,18,0,0,3,0,0,0.14285714285714285,0.14285714285714285,,,,FN has no system_aspect label; recall/F1 undefined for this slice.,3,0.8107257064354295,1.0,0.0,1.0,1.0,1.0,0.6666666666666666,0.0,0.0,-0.8107257064354295,0.8175324621945926
system_aspect,system_aspect,постройки,16,69,0,16,29,0,4,20,0,0,0.32653061224489793,0.35555555555555557,,,,FN has no system_aspect label; recall/F1 undefined for this slice.,16,0.786079346610677,0.8125,0.4375,0.625,0.75,0.875,0.5994397759103641,0.0625,0.0,-0.4001981640458325,1.0264464438912955
system_aspect,system_aspect,продавца возврат,12,34,0,12,12,0,4,6,0,0,0.42857142857142855,0.5,,,,FN has no system_aspect label; recall/F1 undefined for this slice.,12,0.6783168072988701,0.6666666666666666,0.5,0.6666666666666666,0.8333333333333334,0.9166666666666666,0.5555555555555555,0.0,0.0,0.20200075527554873,0.9464684064069976
system_aspect,system_aspect,продавцу этой,0,44,0,0,43,0,1,0,0,0,0.0,0.0,,,,FN has no system_aspect label; recall/F1 undefined for this slice.,0,,,,,,,,,,,
system_aspect,system_aspect,работников складов,0,32,0,0,31,0,1,0,0,0,0.0,0.0,,,,FN has no system_aspect label; recall/F1 undefined for this slice.,0,,,,,,,,,,,
system_aspect,system_aspect,рост 165,5,18,0,5,4,0,0,9,0,0,0.5555555555555556,0.5555555555555556,,,,FN has no system_aspect label; recall/F1 undefined for this slice.,5,0.735014658421278,0.8,0.4,0.8,0.8,0.4,0.2222222222222222,0.0,0.0,-0.2506472758948803,0.9454806750318836
system_aspect,system_aspect,ситуации,2,42,0,2,38,0,0,2,0,0,0.05,0.05,,,,FN has no system_aspect label; recall/F1 undefined for this slice.,2,1.0118711180984974,1.0,0.0,0.5,1.0,1.0,0.3333333333333333,0.0,0.0,-1.0118711180984974,1.1129716883910048
system_aspect,system_aspect,сливочным сыром,0,18,0,0,16,0,0,2,0,0,0.0,0.0,,,,FN has no system_aspect label; recall/F1 undefined for this slice.,0,,,,,,,,,,,
system_aspect,system_aspect,супругу,10,44,0,10,31,0,1,2,0,0,0.23809523809523808,0.24390243902439024,,,,FN has no system_aspect label; recall/F1 undefined for this slice.,10,0.9977256436744938,1.0,0.2,0.5,0.8,0.6,0.2857142857142857,0.0,0.0,0.3640591141680488,1.1805525839428979
system_aspect,system_aspect,сына,10,38,0,10,19,0,7,2,0,0,0.2777777777777778,0.3448275862068966,,,,FN has no system_aspect label; recall/F1 undefined for this slice.,10,1.2240556242031744,1.3,0.1,0.4,0.6,0.5,0.2380952380952381,0.0,0.0,-1.2240556242031744,1.4030015822237216
system_aspect,system_aspect,тараканов,22,92,0,22,45,0,0,25,0,0,0.3283582089552239,0.3283582089552239,,,,FN has no system_aspect label; recall/F1 undefined for this slice.,22,1.9277088534370044,1.9090909090909092,0.22727272727272727,0.4090909090909091,0.5,0.5454545454545454,0.2352941176470588,0.4090909090909091,0.4090909090909091,-1.85405625527677,2.400019671352422
system_aspect,system_aspect,твари,5,41,0,5,26,0,0,10,0,0,0.16129032258064516,0.16129032258064516,,,,FN has no system_aspect label; recall/F1 undefined for this slice.,5,0.586361363530159,0.4,0.8,0.8,0.8,0.8,0.29629629629629634,0.0,0.0,-0.586361363530159,0.8896376674864763
system_aspect,system_aspect,театр,0,18,0,0,12,0,1,5,0,0,0.0,0.0,,,,FN has no system_aspect label; recall/F1 undefined for this slice.,0,,,,,,,,,,,
system_aspect,system_aspect,товар оплата,8,24,0,8,11,0,3,2,0,0,0.36363636363636365,0.42105263157894735,,,,FN has no system_aspect label; recall/F1 undefined for this slice.,8,0.9772103883879026,1.0,0.375,0.5,0.75,0.875,0.5299145299145299,0.125,0.0,0.6430513963423437,1.3460775184903717
system_aspect,system_aspect,толстовка,23,62,0,23,17,0,3,19,0,0,0.5348837209302325,0.575,,,,FN has no system_aspect label; recall/F1 undefined for this slice.,23,0.874436145184597,0.9130434782608695,0.2608695652173913,0.5652173913043478,0.8260869565217391,0.9130434782608695,0.630272952853598,0.0,0.0,-0.45696508823628235,1.029472537489485
system_aspect,system_aspect,уважения,1,73,0,1,71,0,1,0,0,0,0.0136986301369863,0.013888888888888888,,,,FN has no system_aspect label; recall/F1 undefined for this slice.,1,0.13394645461812615,0.0,1.0,1.0,1.0,1.0,0.3333333333333333,0.0,0.0,-0.13394645461812615,0.13394645461812615
system_aspect,system_aspect,хорошее платье,39,84,0,39,22,0,2,21,0,0,0.6190476190476191,0.639344262295082,,,,FN has no system_aspect label; recall/F1 undefined for this slice.,39,1.1439008733144966,1.1025641025641026,0.4358974358974359,0.6410256410256411,0.6923076923076923,0.717948717948718,0.33752913752913755,0.23076923076923078,0.1794871794871795,-1.0234092547194824,1.6089691228525593
system_aspect,system_aspect,хорошее средство,36,80,0,36,5,0,1,38,0,0,0.8571428571428571,0.8780487804878049,,,,FN has no system_aspect label; recall/F1 undefined for this slice.,36,0.6862904807540973,0.6111111111111112,0.6666666666666666,0.75,0.8333333333333334,0.8055555555555556,0.3020833333333333,0.08333333333333333,0.08333333333333333,-0.5931737152445243,1.2046827654095007
system_aspect,system_aspect,хрупкий товар,3,64,0,3,43,0,0,18,0,0,0.06521739130434782,0.06521739130434782,,,,FN has no system_aspect label; recall/F1 undefined for this slice.,3,1.8914767671376467,1.6666666666666667,0.0,0.3333333333333333,0.6666666666666666,0.6666666666666666,0.26666666666666666,0.3333333333333333,0.3333333333333333,-1.421109152957797,2.2255294856353283
system_aspect,system_aspect,часов,8,170,0,8,141,0,1,20,0,0,0.05333333333333334,0.053691275167785234,,,,FN has no system_aspect label; recall/F1 undefined for this slice.,8,1.5038901876250748,1.5,0.125,0.5,0.625,0.375,0.1818181818181818,0.25,0.25,0.16743441121070646,1.8166345415343674
system_aspect,system_aspect,чипсы,1,17,0,1,5,0,2,9,0,0,0.125,0.16666666666666666,,,,FN has no system_aspect label; recall/F1 undefined for this slice.,1,0.5493108294904232,1.0,0.0,1.0,1.0,1.0,0.3333333333333333,0.0,0.0,-0.5493108294904232,0.5493108294904232
system_aspect,system_aspect,шкафу,1,51,0,1,47,0,1,2,0,0,0.02040816326530612,0.020833333333333332,,,,FN has no system_aspect label; recall/F1 undefined for this slice.,1,2.501774251461029,3.0,0.0,0.0,0.0,0.0,0.0,1.0,0.0,-2.501774251461029,2.501774251461029
system_aspect,system_aspect,эффективный концентрат,9,37,0,9,9,0,0,19,0,0,0.5,0.5,,,,FN has no system_aspect label; recall/F1 undefined for this slice.,9,0.4491428116242686,0.3333333333333333,0.6666666666666666,0.8888888888888888,1.0,1.0,0.3333333333333333,0.0,0.0,-0.4491428116242686,0.6177627846940069
